取引日,取引先,売上数量,品名,売上税込金額
20221227,若潮丸,940,Ａ重油,110638
20221227,勝進丸,800,Ａ重油,94160
20230106,漁栄丸,125,Ａ重油,14300
20230112,竜宝丸,600,Ａ重油,68640
20230114,北慎丸,188,Ａ重油,21507
20230119,常宝丸,1204,Ａ重油,139724
20230204,勝宝丸,1774,Ａ重油,198067
20230206,北慎丸,88,Ａ重油,9825
20230206,勝進丸,1465,Ａ重油,163568
20230207,寶徳丸,1000,Ａ重油,111650
20230207,若潮丸,1000,Ａ重油,111650
20230210,晃新丸,200,Ａ重油,22330
20230210,泰樹丸,150,Ａ重油,16748
20230213,昇宝丸,400,Ａ重油,44660
20230213,竜宝丸,547,Ａ重油,61073
20230217,常宝丸,990,Ａ重油,111078
20230222,漁栄丸,614,Ａ重油,68891
20230224,漁宝丸,511,Ａ重油,57334
20230224,隆吉丸,180,Ａ重油,20196
20230303,晃新丸,301,Ａ重油,33772
20230304,辨天丸,587,Ａ重油,65861
20230311,北慎丸,344,Ａ重油,38597
20230324,かもめ丸,417,Ａ重油,47476
20230322,泰樹丸,220,Ａ重油,25047
20230322,北慎丸,354,Ａ重油,40303
20230327,甚栄丸,1011,Ａ重油,115103
20230328,開運丸,1200,Ａ重油,136620
20230328,竜宝丸,690,Ａ重油,78557
20230328,若潮丸,1000,Ａ重油,113850
20230331,昇宝丸,800,Ａ重油,91080
20230331,隆吉丸,350,Ａ重油,39848
20230403,泰樹丸,650,Ａ重油,76148
20230510,北慎丸,268,Ａ重油,30807
20230510,漁宝丸,200,Ａ重油,22990
20230519,常宝丸,800,Ａ重油,91080
20230523,甚栄丸,351,Ａ重油,39962
20230530,漁栄丸,600,Ａ重油,68310
20230602,寶徳丸,601,Ａ重油,69747
20230607,宝漁丸,800,Ａ重油,92840
20230614,栄進丸,1862,Ａ重油,216085
20230616,甚栄丸,553,Ａ重油,65393
20230616,勝進丸,804,Ａ重油,95073
20230630,晃新丸,427,Ａ重油,50493
20230704,隆吉丸,256,Ａ重油,31117
20230710,かもめ丸,409,Ａ重油,49715
20230710,甚栄丸,815,Ａ重油,99064
20230717,北慎丸,316,Ａ重油,38584
20230719,甚栄丸,583,Ａ重油,71184
20230719,漁宝丸,300,Ａ重油,36630
20230724,寶徳丸,1000,Ａ重油,122100
20230728,若潮丸,1001,Ａ重油,122222
20230807,かもめ丸,391,Ａ重油,49892
20230801,昇宝丸,586,Ａ重油,74774
20230801,竜宝丸,814,Ａ重油,103866
20230804,北慎丸,262,Ａ重油,33431
20230808,漁栄丸,386,Ａ重油,49254
20230818,晃新丸,199,Ａ重油,25721
20230819,隆吉丸,306,Ａ重油,39551
20230819,寶徳丸,1001,Ａ重油,129380
20230822,栄進丸,402,Ａ重油,51959
20230825,かもめ丸,338,Ａ重油,43687
20230823,甚栄丸,850,Ａ重油,109863
20230824,辨天丸,550,Ａ重油,71088
20230904,寶徳丸,970,Ａ重油,131775
20230906,昇宝丸,497,Ａ重油,67518
20230913,勝進丸,1000,Ａ重油,135850
20230923,隆吉丸,170,Ａ重油,20570
20230923,竜宝丸,850,Ａ重油,102850
20230925,漁栄丸,500,Ａ重油,60500
20230925,晃新丸,229,Ａ重油,27709
20230925,北慎丸,419,Ａ重油,50699
20230925,常宝丸,500,Ａ重油,60500
20230926,開運丸,1200,Ａ重油,145200
20230927,宝漁丸,600,Ａ重油,72600
20231014,甚栄丸,750,Ａ重油,90750
20231014,竜宝丸,520,Ａ重油,62920
20231018,かもめ丸,370,Ａ重油,42939
20231018,辨天丸,570,Ａ重油,66149
20231024,昇宝丸,880,Ａ重油,102124
20231024,若潮丸,1000,Ａ重油,116050
20231028,勝宝丸,2090,Ａ重油,242545
20231031,竜宝丸,450,Ａ重油,52223
20231108,甚栄丸,650,Ａ重油,75790
20231113,漁栄丸,435,Ａ重油,51918
20231115,北慎丸,405,Ａ重油,48337
20231115,常宝丸,1266,Ａ重油,151097
20231127,甚栄丸,531,Ａ重油,63375
20231127,隆吉丸,273,Ａ重油,32583
20231201,漁栄丸,255,Ａ重油,30996
20231204,かもめ丸,316,Ａ重油,38410
20231204,晃新丸,365,Ａ重油,44366
20231205,漁栄丸,161,Ａ重油,19570
20231205,漁宝丸,630,Ａ重油,76577
20231206,若潮丸,1000,Ａ重油,121550
20231215,かもめ丸,342,Ａ重油,41570
20231212,隆吉丸,186,Ａ重油,22608
20231215,宝漁丸,1000,Ａ重油,121550
20231216,常宝丸,1183,Ａ重油,147047
20231219,漁栄丸,289,Ａ重油,35923
20231220,晃新丸,185,Ａ重油,22996
20231225,辨天丸,551,Ａ重油,68489
20231226,竜宝丸,340,Ａ重油,42262
20231227,漁栄丸,296,Ａ重油,36793
20240109,隆吉丸,204,Ａ重油,24908
20240112,漁栄丸,409,Ａ重油,49939
20240117,常宝丸,1000,Ａ重油,122100
20240130,北慎丸,193,Ａ重油,23565
20240205,勝進丸,1250,Ａ重油,149875
20240206,常宝丸,1240,Ａ重油,148676
20240224,甚栄丸,764,Ａ重油,92024
20240226,北慎丸,331,Ａ重油,39870
20240226,若潮丸,1000,Ａ重油,120450
20240228,漁栄丸,523,Ａ重油,62996
20240306,勝進丸,1000,Ａ重油,121550
20240319,晃新丸,431,Ａ重油,52389
20240322,かもめ丸,320,Ａ重油,38896
20240326,漁栄丸,396,Ａ重油,48134
20240326,開運丸,1200,Ａ重油,145860
20240404,隆吉丸,279,Ａ重油,34834
20240405,泰樹丸,400,Ａ重油,49940
20240408,かもめ丸,122,Ａ重油,15232
20240410,晃新丸,500,Ａ重油,62425
20240415,かもめ丸,69,Ａ重油,8615
20240412,北慎丸,487,Ａ重油,60803
20240415,昇宝丸,400,Ａ重油,49940
20240415,漁宝丸,770,Ａ重油,96135
20240418,寶徳丸,500,Ａ重油,61325
20240530,甚栄丸,660,Ａ重油,89661
20240531,北慎丸,347,Ａ重油,42560
20240625,常宝丸,1277,Ａ重油,160136
20240626,漁栄丸,517,Ａ重油,64832
20240626,若潮丸,1000,Ａ重油,125400
20240626,勝進丸,1001,Ａ重油,125525
20240703,晃新丸,357,Ａ重油,45161
20240708,栄進丸,1181,Ａ重油,149397
20240709,昇宝丸,700,Ａ重油,88550
20240709,甚栄丸,740,Ａ重油,93610
20240709,竜宝丸,750,Ａ重油,94875
20240710,泰樹丸,233,Ａ重油,29475
20240710,隆吉丸,261,Ａ重油,33017
20240711,辨天丸,585,Ａ重油,74003
20240712,北慎丸,346,Ａ重油,43769
20240715,晃新丸,219,Ａ重油,27704
20240717,かもめ丸,218,Ａ重油,26378
20240718,甚栄丸,777,Ａ重油,94017
20240806,かもめ丸,350,Ａ重油,41965
20240806,北慎丸,346,Ａ重油,41485
20240807,甚栄丸,656,Ａ重油,78654
20240809,漁栄丸,564,Ａ重油,67624
20240823,晃新丸,348,Ａ重油,42874
20240829,栄進丸,500,Ａ重油,61600
20240829,甚栄丸,640,Ａ重油,78848
20240906,宝漁丸,1000,Ａ重油,121550
20240909,甚栄丸,540,Ａ重油,65637
20240912,北慎丸,303,Ａ重油,36830
20240912,隆吉丸,214,Ａ重油,26012
20240930,辨天丸,200,Ａ重油,24750
20241005,勝進丸,263,Ａ重油,32547
20241014,漁宝丸,400,Ａ重油,49500
20241016,漁栄丸,500,Ａ重油,61875
20241016,昇宝丸,900,Ａ重油,111375
20241017,栄進丸,200,Ａ重油,24750
20241021,かもめ丸,350,Ａ重油,43313
20241021,常宝丸,800,Ａ重油,99000
20241025,北慎丸,369,Ａ重油,45664
20241025,開運丸,1200,Ａ重油,148500
20241025,勝宝丸,820,Ａ重油,101475
20241025,若潮丸,1000,Ａ重油,123750
20241026,栄進丸,200,Ａ重油,24750
20241026,甚栄丸,944,Ａ重油,116820
20241029,漁栄丸,263,Ａ重油,32547
20241029,晃新丸,147,Ａ重油,18192
20241029,寶徳丸,1000,Ａ重油,123750
20241101,北慎丸,289,Ａ重油,35446
20241108,甚栄丸,570,Ａ重油,69911
20241115,かもめ丸,385,Ａ重油,47221
20241114,勝進丸,1003,Ａ重油,123019
20241115,宝漁丸,1000,Ａ重油,122650
20241120,かもめ丸,323,Ａ重油,39617
20241116,隆吉丸,332,Ａ重油,40720
20241125,常宝丸,800,Ａ重油,98120
20241206,隆吉丸,210,Ａ重油,26103
20241209,漁栄丸,642,Ａ重油,79801
20241217,常宝丸,800,Ａ重油,99440
20241220,辨天丸,285,Ａ重油,36993
20241225,北慎丸,301,Ａ重油,39070
20250106,漁栄丸,296,Ａ重油,37770
20250111,常宝丸,800,Ａ重油,102080
20250111,若潮丸,1000,Ａ重油,127600
20250118,勝進丸,1002,Ａ重油,133917
20250120,隆吉丸,139,Ａ重油,18578
20250129,竜宝丸,1386,Ａ重油,185239
20250215,勝宝丸,1577,Ａ重油,206429
20250319,かもめ丸,280,Ａ重油,38654
20250318,甚栄丸,570,Ａ重油,78689
20250318,漁宝丸,500,Ａ重油,69025
20250401,常宝丸,600,Ａ重油,83820
20250405,北慎丸,377,Ａ重油,52667
20250410,漁栄丸,213,Ａ重油,29756
20250412,晃新丸,347,Ａ重油,48476
20250507,北慎丸,446,Ａ重油,59853
20250521,北慎丸,481,Ａ重油,64550
20250603,甚栄丸,364,Ａ重油,45045
20250626,北慎丸,480,Ａ重油,59400
20221227,孝漁丸,400,免税軽油　　　　　　,52360
20230118,大宝丸,450,免税軽油　　　　　　,58163
20230204,大力丸,510,免税軽油　　　　　　,63674
20230204,福進丸,560,免税軽油　　　　　　,69916
20230206,大浩丸,510,免税軽油　　　　　　,63674
20230206,孝漁丸,450,免税軽油　　　　　　,56183
20230207,弘漁丸,400,免税軽油　　　　　　,49940
20230213,大宝丸,640,免税軽油　　　　　　,79904
20230223,孝漁丸,450,免税軽油　　　　　　,56430
20230314,大浩丸,430,免税軽油　　　　　　,53922
20230315,福進丸,630,免税軽油　　　　　　,79002
20230321,大力丸,430,免税軽油　　　　　　,54632
20230323,孝漁丸,400,免税軽油　　　　　　,50820
20230329,大浩丸,540,免税軽油　　　　　　,68607
20230403,弘漁丸,400,免税軽油　　　　　　,52140
20230510,大力丸,470,免税軽油　　　　　　,60231
20230626,孝漁丸,500,免税軽油　　　　　　,65725
20230629,勝丸,360,免税軽油　　　　　　,47322
20230630,弘漁丸,600,免税軽油　　　　　　,78870
20230703,大宝丸,620,免税軽油　　　　　　,83545
20230710,勝丸,320,免税軽油　　　　　　,43120
20230713,大浩丸,500,免税軽油　　　　　　,67375
20230724,孝漁丸,650,免税軽油　　　　　　,87945
20230726,勝丸,260,免税軽油　　　　　　,35178
20230731,恵宝丸,400,免税軽油　　　　　　,54120
20230807,大宝丸,400,免税軽油　　　　　　,56320
20230808,大力丸,460,免税軽油　　　　　　,64768
20230808,福進丸,740,免税軽油　　　　　　,104192
20230819,大浩丸,320,免税軽油　　　　　　,45584
20230821,孝漁丸,400,免税軽油　　　　　　,56980
20230905,大宝丸,550,免税軽油　　　　　　,81978
20230912,勝丸,400,免税軽油　　　　　　,59620
20230915,弘漁丸,400,免税軽油　　　　　　,59620
20230925,大力丸,440,免税軽油　　　　　　,59048
20230925,福進丸,600,免税軽油　　　　　　,80520
20230923,勝丸,360,免税軽油　　　　　　,48906
20231010,弘漁丸,500,免税軽油　　　　　　,67100
20231023,大浩丸,510,免税軽油　　　　　　,65918
20231026,孝漁丸,600,免税軽油　　　　　　,77550
20231027,大宝丸,540,免税軽油　　　　　　,69795
20231115,大浩丸,470,免税軽油　　　　　　,62299
20231204,勝丸,480,免税軽油　　　　　　,64680
20231221,大力丸,420,免税軽油　　　　　　,57750
20231221,福進丸,530,免税軽油　　　　　　,72875
20231221,弘漁丸,400,免税軽油　　　　　　,55000
20231220,勝丸,370,免税軽油　　　　　　,50875
20231230,勝丸,240,免税軽油　　　　　　,33000
20240105,大浩丸,450,免税軽油　　　　　　,60885
20240118,孝漁丸,500,免税軽油　　　　　　,67650
20240129,大宝丸,450,免税軽油　　　　　　,60885
20240205,孝漁丸,500,免税軽油　　　　　　,66550
20240223,大浩丸,500,免税軽油　　　　　　,66825
20240223,大宝丸,480,免税軽油　　　　　　,64152
20240321,大浩丸,330,免税軽油　　　　　　,44468
20240326,大力丸,440,免税軽油　　　　　　,59290
20240326,福進丸,410,免税軽油　　　　　　,55248
20240412,大浩丸,510,免税軽油　　　　　　,70406
20240430,弘漁丸,600,免税軽油　　　　　　,81510
20240614,孝漁丸,500,免税軽油　　　　　　,68750
20240629,恵宝丸,600,免税軽油　　　　　　,83160
20240709,大浩丸,400,免税軽油　　　　　　,55880
20240711,大宝丸,410,免税軽油　　　　　　,57277
20240710,勝丸,340,免税軽油　　　　　　,47498
20240718,大浩丸,470,免税軽油　　　　　　,63074
20240731,恵宝丸,400,免税軽油　　　　　　,53680
20240803,大宝丸,370,免税軽油　　　　　　,49247
20240805,孝漁丸,700,免税軽油　　　　　　,93170
20240807,大宝丸,420,免税軽油　　　　　　,55902
20240807,勝丸,240,免税軽油　　　　　　,31944
20240808,大浩丸,590,免税軽油　　　　　　,78529
20240808,孝漁丸,500,免税軽油　　　　　　,66550
20240819,恵宝丸,400,免税軽油　　　　　　,54560
20240819,福進丸,600,免税軽油　　　　　　,81840
20240807,勝丸,240,免税軽油　　　　　　,31944
20240807,勝丸,-240,免税軽油　　　　　　,-31944
20240828,大宝丸,600,免税軽油　　　　　　,81840
20240828,弘漁丸,200,免税軽油　　　　　　,27280
20240829,大浩丸,380,免税軽油　　　　　　,51832
20240903,孝漁丸,600,免税軽油　　　　　　,72930
20240904,恵宝丸,400,免税軽油　　　　　　,48620
20240906,大宝丸,340,免税軽油　　　　　　,45815
20240911,大浩丸,530,免税軽油　　　　　　,71418
20240911,孝漁丸,400,免税軽油　　　　　　,53900
20240917,大浩丸,430,免税軽油　　　　　　,58889
20240917,恵宝丸,400,免税軽油　　　　　　,54780
20240919,弘漁丸,400,免税軽油　　　　　　,54780
20240925,大宝丸,770,免税軽油　　　　　　,105452
20241016,勝丸,390,免税軽油　　　　　　,53411
20241015,大浩丸,450,免税軽油　　　　　　,61628
20241017,恵宝丸,200,免税軽油　　　　　　,27390
20241018,大力丸,470,免税軽油　　　　　　,64367
20241026,勝丸,370,免税軽油　　　　　　,50672
20241029,恵宝丸,200,免税軽油　　　　　　,27390
20241029,大宝丸,550,免税軽油　　　　　　,75323
20241029,弘漁丸,220,免税軽油　　　　　　,30129
20241109,大浩丸,450,免税軽油　　　　　　,61133
20241113,勝丸,360,免税軽油　　　　　　,48906
20241115,福進丸,580,免税軽油　　　　　　,78793
20241205,弘漁丸,400,免税軽油　　　　　　,55000
20241206,孝漁丸,600,免税軽油　　　　　　,82500
20250104,大浩丸,480,免税軽油　　　　　　,67584
20250111,大宝丸,640,免税軽油　　　　　　,90112
20250122,大力丸,500,免税軽油　　　　　　,73425
20250203,孝漁丸,600,免税軽油　　　　　　,86460
20250320,大浩丸,530,免税軽油　　　　　　,80163
20250421,大浩丸,370,免税軽油　　　　　　,55963
20250623,恵宝丸,400,免税軽油　　　　　　,54780
20250623,孝漁丸,600,免税軽油　　　　　　,82170
20250624,大宝丸,820,免税軽油　　　　　　,112299