vessel_id,op_id,start_ts,end_ts,days,points,distance_km
matsumae01,1,2024-07-09 00:59:39+09:00,2024-07-09 13:56:39+09:00,2024-07-09,1556,73.5014928118822
matsumae01,2,2024-07-11 00:59:39+09:00,2024-07-11 14:04:40+09:00,2024-07-11,1568,86.57396325548456
matsumae01,3,2024-07-16 01:08:39+09:00,2024-07-16 14:53:39+09:00,2024-07-16,1644,80.87965542855056
matsumae01,4,2024-10-27 05:37:39+09:00,2024-10-27 11:49:39+09:00,2024-10-27,625,50.29117130710261
matsumae02,1,2024-07-09 00:27:21+09:00,2024-07-09 12:20:19+09:00,2024-07-09,1384,83.87887974971291
matsumae02,2,2024-07-10 00:33:19+09:00,2024-07-10 12:38:19+09:00,2024-07-10,1320,89.2350065380773
matsumae02,3,2024-07-16 00:23:19+09:00,2024-07-16 06:50:20+09:00,2024-07-16,598,30.835664395960354
matsumae03,1,2024-07-10 00:01:14+09:00,2024-07-10 12:04:14+09:00,2024-07-10,1412,56.161640255272815
matsumae03,2,2024-07-17 00:00:14+09:00,2024-07-17 14:28:14+09:00,2024-07-17,1732,81.43661454948594
matsumae03,3,2024-08-07 01:30:15+09:00,2024-08-07 12:08:14+09:00,2024-08-07,1257,68.51797948530525
matsumae04,1,2024-07-09 00:54:49+09:00,2024-07-09 07:40:50+09:00,2024-07-09,776,41.89922955276883
matsumae04,2,2024-07-10 00:41:49+09:00,2024-07-10 09:43:49+09:00,2024-07-10,974,44.815677168244186
matsumae04,3,2024-07-16 00:47:49+09:00,2024-07-16 11:36:49+09:00,2024-07-16,1188,75.3796624132797
matsumae04,4,2024-08-19 01:17:50+09:00,2024-08-19 07:08:49+09:00,2024-08-19,578,54.47739988328694
matsumae04,5,2024-08-20 01:14:50+09:00,2024-08-20 07:12:49+09:00,2024-08-20,714,64.2183362325369
matsumae04,6,2024-09-29 02:24:50+09:00,2024-09-29 08:14:49+09:00,2024-09-29,642,54.48105222098128
matsumae04,7,2024-10-26 02:52:49+09:00,2024-10-26 08:55:49+09:00,2024-10-26,642,43.4777831332937
matsumae04,8,2024-10-26 10:50:50+09:00,2024-10-26 15:20:49+09:00,2024-10-26,542,56.64457877072596
matsumae05,1,2024-07-10 01:10:09+09:00,2024-07-10 09:59:09+09:00,2024-07-10,1050,74.5397591412817
matsumae05,3,2024-07-16 00:59:09+09:00,2024-07-16 10:52:09+09:00,2024-07-16,1078,82.46757277383766
matsumae05,4,2024-08-07 01:37:10+09:00,2024-08-07 11:00:10+09:00,2024-08-07,1114,78.24605581481742
matsumae06,1,2024-07-09 01:12:24+09:00,2024-07-09 10:28:24+09:00,2024-07-09,881,76.42619713023309
matsumae06,2,2024-07-10 01:20:25+09:00,2024-07-10 08:48:24+09:00,2024-07-10,816,75.9466509549784
matsumae06,3,2024-07-16 01:05:25+09:00,2024-07-16 07:48:24+09:00,2024-07-16,806,58.965804346499056
matsumae06,4,2024-07-17 00:29:24+09:00,2024-07-17 11:54:25+09:00,2024-07-17,1341,87.93918720826368
matsumae06,5,2024-11-10 03:19:24+09:00,2024-11-10 10:39:24+09:00,2024-11-10,540,91.70434238241052
matsumae07,1,2024-07-17 01:06:35+09:00,2024-07-17 03:10:34+09:00,2024-07-17,220,23.148662805576002
matsumae07,2,2024-07-17 04:25:34+09:00,2024-07-17 10:29:35+09:00,2024-07-17,516,35.97467547112085
matsumae07,4,2024-07-17 13:27:34+09:00,2024-07-17 15:27:35+09:00,2024-07-17,142,18.43905043307266
matsumae07,5,2024-08-01 01:18:34+09:00,2024-08-01 04:55:34+09:00,2024-08-01,312,26.12079323620831
matsumae07,6,2024-08-01 06:14:35+09:00,2024-08-01 08:35:34+09:00,2024-08-01,134,18.35588521127458
matsumae07,7,2024-08-03 01:42:34+09:00,2024-08-03 04:32:35+09:00,2024-08-03,278,29.333733918555794
matsumae07,8,2024-08-03 08:42:34+09:00,2024-08-03 09:26:35+09:00,2024-08-03,70,10.039976022941348
matsumae07,10,2024-08-07 01:39:34+09:00,2024-08-07 03:32:34+09:00,2024-08-07,200,24.63010821034556
matsumae07,11,2024-08-07 05:00:34+09:00,2024-08-07 12:52:35+09:00,2024-08-07,668,52.39246711463414
matsumae08,1,2024-07-17 01:16:39+09:00,2024-07-17 12:48:40+09:00,2024-07-17,1286,75.73949811561992
matsumae08,2,2024-10-26 02:50:39+09:00,2024-10-26 15:58:39+09:00,2024-10-26,1475,92.1502341158249
matsumae08,4,2024-11-01 02:48:40+09:00,2024-11-01 08:51:40+09:00,2024-11-01,708,44.67200394725419
matsumae08,6,2024-11-02 02:52:40+09:00,2024-11-02 09:29:40+09:00,2024-11-02,794,40.61895807710839
matsumae09,1,2024-07-12 00:55:44+09:00,2024-07-12 13:23:45+09:00,2024-07-12,1364,97.09815627761968
matsumae09,2,2024-10-26 02:44:45+09:00,2024-10-26 15:14:44+09:00,2024-10-26,1434,117.22213616140239
matsumae09,3,2024-11-10 02:58:44+09:00,2024-11-10 09:25:45+09:00,2024-11-10,776,49.49074566159794
matsumae11,1,2024-07-10 00:29:00+09:00,2024-07-10 03:04:00+09:00,2024-07-10,182,17.109214854689526
matsumae11,4,2024-07-10 09:28:59+09:00,2024-07-10 12:09:59+09:00,2024-07-10,316,51.01807774547817
matsumae11,5,2024-07-11 00:43:59+09:00,2024-07-11 11:23:00+09:00,2024-07-11,1014,82.11540304914631
matsumae11,6,2024-07-16 00:31:59+09:00,2024-07-16 01:44:58+09:00,2024-07-16,140,12.455977277745035
matsumae11,9,2024-07-16 08:46:59+09:00,2024-07-16 12:49:59+09:00,2024-07-16,392,52.86582657896305
matsumae12,1,2024-07-10 01:06:49+09:00,2024-07-10 13:03:50+09:00,2024-07-10,1217,85.74320417669523
matsumae12,2,2024-07-11 00:54:50+09:00,2024-07-11 09:25:49+09:00,2024-07-11,918,42.10740425068876
matsumae12,4,2024-07-16 00:42:49+09:00,2024-07-16 08:00:50+09:00,2024-07-16,604,43.01268822358918
matsumae12,5,2024-07-17 00:42:50+09:00,2024-07-17 01:38:49+09:00,2024-07-17,90,7.585024594425076
matsumae12,6,2024-07-17 02:48:49+09:00,2024-07-17 06:50:50+09:00,2024-07-17,305,19.995731451510068
matsumae12,7,2024-08-01 01:12:49+09:00,2024-08-01 07:39:49+09:00,2024-08-01,668,37.36809228598053
matsumae12,9,2024-08-03 01:06:49+09:00,2024-08-03 07:11:50+09:00,2024-08-03,706,42.720797395101954
matsumae12,10,2024-08-20 00:45:49+09:00,2024-08-20 08:54:50+09:00,2024-08-20,976,87.72454534239753
matsumae13,1,2024-08-06 00:54:44+09:00,2024-08-07 23:59:45+09:00,"2024-08-06,2024-08-07",4835,185.7683195980439
matsumae14,1,2024-08-03 00:55:19+09:00,2024-08-03 06:55:19+09:00,2024-08-03,476,38.26367000972408
matsumae14,2,2024-08-03 08:01:19+09:00,2024-08-03 11:09:20+09:00,2024-08-03,224,21.665342380082926
matsumae14,3,2024-08-06 00:49:21+09:00,2024-08-06 13:04:19+09:00,2024-08-06,1068,89.53099464335162
matsumae14,4,2024-08-07 00:45:19+09:00,2024-08-07 13:17:19+09:00,2024-08-07,1286,86.96133041089695
matsumae15,1,2024-07-11 00:31:05+09:00,2024-07-11 11:25:05+09:00,2024-07-11,1238,48.99464812635906
matsumae15,3,2024-07-12 00:31:05+09:00,2024-07-12 12:13:04+09:00,2024-07-12,1324,48.707296188205035
matsumae15,5,2024-07-16 00:35:05+09:00,2024-07-16 11:42:04+09:00,2024-07-16,1230,80.49777968778653
matsumae15,6,2024-07-17 00:45:05+09:00,2024-07-17 12:10:05+09:00,2024-07-17,1302,88.55624796905391
matsumae15,7,2024-07-17 14:43:05+09:00,2024-07-17 15:22:05+09:00,2024-07-17,80,16.90151974998243
matsumae15,8,2024-08-01 00:51:05+09:00,2024-08-01 08:03:05+09:00,2024-08-01,734,46.263969501603135
matsumae15,9,2024-08-03 01:28:04+09:00,2024-08-03 05:59:04+09:00,2024-08-03,368,31.911015113815296
matsumae15,10,2024-08-03 07:54:05+09:00,2024-08-03 09:13:04+09:00,2024-08-03,80,10.86414506106122
matsumae15,13,2024-08-07 01:34:05+09:00,2024-08-07 15:18:04+09:00,2024-08-07,1240,93.0220252699425
matsumae15,14,2024-08-19 01:18:03+09:00,2024-08-19 07:58:05+09:00,2024-08-19,622,57.89721022948547
matsumae16,1,2024-07-17 01:09:19+09:00,2024-07-17 23:59:20+09:00,2024-07-17,2592,82.14792317361966
matsumae16,2,2024-08-07 01:14:20+09:00,2024-08-07 03:21:20+09:00,2024-08-07,216,19.176639221344335
matsumae16,3,2024-08-07 04:42:20+09:00,2024-08-07 23:59:20+09:00,2024-08-07,2157,57.22792371731053
matsumae16,4,2024-10-18 00:00:19+09:00,2024-10-18 23:59:19+09:00,2024-10-18,2680,49.310791844511215
matsumae16,5,2024-10-26 03:11:20+09:00,2024-10-26 14:48:20+09:00,2024-10-26,1344,43.44301142316796
matsumae16,6,2024-11-01 03:03:19+09:00,2024-11-01 23:59:20+09:00,2024-11-01,2514,53.418299276433046
matsumae17,1,2024-07-11 01:03:39+09:00,2024-07-11 16:50:40+09:00,2024-07-11,1728,78.61507164137922
matsumae17,2,2024-08-01 01:26:39+09:00,2024-08-01 03:02:40+09:00,2024-08-01,170,11.886146408000606
matsumae17,3,2024-08-01 04:11:39+09:00,2024-08-01 07:48:39+09:00,2024-08-01,362,22.75643046815442
matsumae17,5,2024-08-06 04:17:39+09:00,2024-08-06 23:59:40+09:00,2024-08-06,2078,55.8437365622873
matsumae17,6,2024-10-18 03:11:39+09:00,2024-10-18 04:34:39+09:00,2024-10-18,150,8.912046045385857
matsumae17,7,2024-10-18 05:36:39+09:00,2024-10-18 12:29:40+09:00,2024-10-18,484,22.38961176395933
matsumae17,8,2024-10-26 01:55:39+09:00,2024-10-26 09:42:41+09:00,2024-10-26,562,48.918642615627306
matsumae17,9,2024-10-26 14:44:40+09:00,2024-10-26 15:51:40+09:00,2024-10-26,135,12.573937997504657
matsumae17,10,2024-11-01 03:09:40+09:00,2024-11-01 10:08:39+09:00,2024-11-01,838,61.4777121736152
matsumae17,11,2024-11-10 02:44:40+09:00,2024-11-10 23:59:39+09:00,2024-11-10,2526,76.11491850731359
matsumae18,1,2024-07-09 00:39:04+09:00,2024-07-09 11:45:05+09:00,2024-07-09,1232,79.82662240285597
matsumae18,2,2024-07-10 00:32:04+09:00,2024-07-10 10:11:04+09:00,2024-07-10,1042,47.784352283680406
matsumae18,4,2024-07-11 00:43:05+09:00,2024-07-11 14:05:04+09:00,2024-07-11,1180,90.49201735719208
matsumae18,6,2024-07-16 00:42:04+09:00,2024-07-16 13:33:05+09:00,2024-07-16,1442,82.90516118281663
matsumae18,8,2024-07-17 00:41:04+09:00,2024-07-17 09:39:05+09:00,2024-07-17,788,71.97195433555872
matsumae18,9,2024-07-17 11:46:04+09:00,2024-07-17 13:46:04+09:00,2024-07-17,223,17.816351519364105
matsumae18,10,2024-08-01 00:58:04+09:00,2024-08-01 07:54:05+09:00,2024-08-01,668,46.21091108414891
matsumae18,12,2024-08-03 01:13:04+09:00,2024-08-03 08:46:04+09:00,2024-08-03,728,52.61757026371728
matsumae18,13,2024-08-06 01:06:05+09:00,2024-08-06 09:35:05+09:00,2024-08-06,814,48.54339332723207
matsumae18,14,2024-08-07 01:07:04+09:00,2024-08-07 15:36:04+09:00,2024-08-07,1353,94.30625826215531
matsumae18,15,2024-08-19 00:58:05+09:00,2024-08-19 03:56:05+09:00,2024-08-19,228,29.0582036947913
matsumae18,16,2024-08-19 05:48:05+09:00,2024-08-19 08:25:04+09:00,2024-08-19,178,21.42743232441247
matsumae18,17,2024-08-20 00:59:05+09:00,2024-08-20 09:57:05+09:00,2024-08-20,1072,79.90751930051192
matsumae18,19,2024-10-18 02:23:05+09:00,2024-10-18 10:59:04+09:00,2024-10-18,870,49.13886776641626
matsumae18,20,2024-10-26 02:27:04+09:00,2024-10-26 15:50:05+09:00,2024-10-26,1462,113.4811096218308
matsumae19,1,2024-07-16 00:56:24+09:00,2024-07-16 12:48:24+09:00,2024-07-16,1115,96.29034036481835
matsumae19,2,2024-07-17 01:07:24+09:00,2024-07-17 10:54:24+09:00,2024-07-17,1090,81.14532348008973
matsumae20,1,2024-07-11 00:51:45+09:00,2024-07-11 15:01:45+09:00,2024-07-11,1608,100.63856915496903
matsumae20,2,2024-07-16 00:55:44+09:00,2024-07-16 14:39:44+09:00,2024-07-16,1608,79.7793185019082
matsumae21,1,2024-07-16 00:43:54+09:00,2024-07-16 09:52:55+09:00,2024-07-16,1034,77.22110640587158
matsumae21,2,2024-07-17 00:48:54+09:00,2024-07-17 08:10:55+09:00,2024-07-17,876,51.05582758748986
matsumae21,5,2024-09-09 01:48:54+09:00,2024-09-09 07:39:54+09:00,2024-09-09,612,45.38957492917609
matsumae21,6,2024-09-12 02:06:56+09:00,2024-09-12 08:01:55+09:00,2024-09-12,445,50.6256040882986
matsumae21,7,2024-10-12 02:43:54+09:00,2024-10-12 08:21:53+09:00,2024-10-12,652,43.13007974285584
matsumae21,8,2024-10-30 02:50:54+09:00,2024-10-30 09:21:56+09:00,2024-10-30,566,53.67792875107904
matsumae22,1,2024-07-16 00:50:09+09:00,2024-07-16 10:17:10+09:00,2024-07-16,983,68.4129908861237
matsumae22,2,2024-08-19 01:25:09+09:00,2024-08-19 03:20:09+09:00,2024-08-19,227,18.55329052825503
matsumae22,3,2024-08-19 04:56:09+09:00,2024-08-19 07:26:10+09:00,2024-08-19,98,24.242941610429103
matsumae22,4,2024-08-20 01:21:09+09:00,2024-08-20 07:04:09+09:00,2024-08-20,478,48.07954752151276
matsumae22,5,2024-10-14 02:26:10+09:00,2024-10-14 08:19:10+09:00,2024-10-14,632,45.010084147326324
matsumae22,6,2024-11-01 02:45:09+09:00,2024-11-01 08:08:10+09:00,2024-11-01,571,44.120973344145554
matsumae22,7,2024-11-10 03:07:10+09:00,2024-11-10 08:38:10+09:00,2024-11-10,548,48.96173520341175
matsumae23,1,2024-07-09 01:17:34+09:00,2024-07-09 12:00:34+09:00,2024-07-09,1230,65.83199718671528
matsumae23,2,2024-07-10 00:51:35+09:00,2024-07-10 11:32:35+09:00,2024-07-10,1248,70.01908909302387
matsumae23,3,2024-07-11 00:53:34+09:00,2024-07-11 14:14:34+09:00,2024-07-11,1104,88.15722404535097
matsumae23,4,2024-07-17 00:44:34+09:00,2024-07-17 07:24:34+09:00,2024-07-17,800,37.469799048470094
matsumae24,1,2024-07-10 00:52:39+09:00,2024-07-10 11:28:39+09:00,2024-07-10,1152,79.19511655068737
matsumae24,3,2024-07-17 00:52:39+09:00,2024-07-17 09:39:40+09:00,2024-07-17,946,76.28235653487009
matsumae24,5,2024-08-07 01:32:40+09:00,2024-08-07 17:02:39+09:00,2024-08-07,1249,90.64777708993216
matsumae25,1,2024-07-10 01:33:10+09:00,2024-07-10 11:15:09+09:00,2024-07-10,1068,41.34252787680413
matsumae25,3,2024-07-16 01:02:10+09:00,2024-07-16 09:09:10+09:00,2024-07-16,955,45.26568004423039
matsumae25,4,2024-08-03 01:24:09+09:00,2024-08-03 07:47:10+09:00,2024-08-03,704,62.4163663533906
matsumae25,5,2024-08-07 01:20:09+09:00,2024-08-07 10:34:10+09:00,2024-08-07,920,78.60059724841128
matsumae26,1,2024-07-12 01:03:10+09:00,2024-07-12 06:08:10+09:00,2024-07-12,612,36.97032519717147
matsumae26,2,2024-07-16 01:04:10+09:00,2024-07-16 10:15:10+09:00,2024-07-16,1075,59.27321194082381
matsumae26,3,2024-07-17 01:00:10+09:00,2024-07-17 09:46:09+09:00,2024-07-17,1041,50.5198189188174
matsumae26,4,2024-08-06 01:48:10+09:00,2024-08-06 07:14:09+09:00,2024-08-06,654,40.51376372854652
matsumae27,1,2024-07-10 00:54:54+09:00,2024-07-10 09:48:55+09:00,2024-07-10,924,52.63256329139183
matsumae27,2,2024-07-11 00:50:55+09:00,2024-07-11 10:48:54+09:00,2024-07-11,1052,76.50227846942906
matsumae27,3,2024-07-17 00:52:55+09:00,2024-07-17 11:29:54+09:00,2024-07-17,1155,75.6583414771113
matsumae27,4,2024-08-07 01:14:54+09:00,2024-08-07 11:25:54+09:00,2024-08-07,952,55.474456778855796
matsumae28,1,2024-07-16 00:50:34+09:00,2024-07-16 08:38:34+09:00,2024-07-16,872,82.83506826419547
matsumae28,2,2024-07-17 00:36:35+09:00,2024-07-17 08:45:34+09:00,2024-07-17,928,75.38914042101953
matsumae28,3,2024-10-18 02:57:36+09:00,2024-10-18 08:25:34+09:00,2024-10-18,658,54.43364338065007
matsumae28,4,2024-10-26 02:51:35+09:00,2024-10-26 09:05:35+09:00,2024-10-26,729,59.37839765684678
matsumae28,5,2024-10-26 10:32:35+09:00,2024-10-26 15:15:34+09:00,2024-10-26,551,59.81449333632159
matsumae28,6,2024-11-10 03:13:34+09:00,2024-11-10 09:08:35+09:00,2024-11-10,711,52.72893061107712
