season_year,season_label,vessel_id,trip_id,dep_ts,arr_ts,arr_date,landed_kg,n_records,fishing_h,distance_km
2023,2023-2024,matsumae01,matsumae01_T1,2023-07-08 00:39:39,2023-07-08 07:13:39,2023-07-08,104.6,3,4.2,38.373312408126374
2023,2023-2024,matsumae01,matsumae01_T2,2023-07-10 01:10:40,2023-07-10 12:23:39,2023-07-10,919.6,21,8.067222222222222,56.49839082281349
2023,2023-2024,matsumae01,matsumae01_T5,2023-07-17 01:09:40,2023-07-17 10:04:40,2023-07-17,617.9,11,6.6675,40.12328526914209
2023,2023-2024,matsumae02,matsumae02_T1,2023-07-08 00:21:20,2023-07-08 06:36:19,2023-07-08,93.7,2,3.6497222222222225,34.6524730198813
2023,2023-2024,matsumae02,matsumae02_T2,2023-07-10 00:54:19,2023-07-10 08:53:20,2023-07-10,917.0,18,5.883888888888889,35.23373643650662
2023,2023-2024,matsumae02,matsumae02_T9,2023-08-19 01:15:19,2023-08-19 07:17:19,2023-08-19,94.5,1,3.0005555555555556,39.74851059097618
2023,2023-2024,matsumae02,matsumae02_T11,2023-09-03 01:39:19,2023-09-03 07:21:20,2023-09-03,118.4,2,3.766388888888889,29.81482642386469
2023,2023-2024,matsumae02,matsumae02_T14,2023-09-24 02:35:20,2023-09-24 08:12:19,2023-09-24,149.8,4,2.616111111111111,41.75880323718441
2023,2023-2024,matsumae02,matsumae02_T15,2023-09-25 02:25:19,2023-09-25 08:24:19,2023-09-25,154.6,4,2.8666666666666667,41.189917238224965
2023,2023-2024,matsumae02,matsumae02_T18,2023-09-30 02:29:20,2023-09-30 08:20:19,2023-09-30,145.0,3,3.7,33.388258929897546
2023,2023-2024,matsumae02,matsumae02_T29,2023-12-04 06:17:19,2023-12-04 10:28:19,2023-12-04,41.4,1,0.5494444444444445,36.706862258439855
2023,2023-2024,matsumae03,matsumae03_T2,2023-07-10 01:13:15,2023-07-10 09:50:14,2023-07-10,1234.5,30,5.783333333333333,46.92295057978779
2023,2023-2024,matsumae03,matsumae03_T5,2023-08-09 01:32:14,2023-08-09 08:48:14,2023-08-09,94.80000000000001,2,4.917777777777778,38.23809934106111
2023,2023-2024,matsumae03,matsumae03_T9,2023-09-12 02:03:14,2023-09-12 08:05:15,2023-09-12,129.8,3,3.350277777777778,43.31580992917696
2023,2023-2024,matsumae03,matsumae03_T10,2023-09-23 02:24:15,2023-09-23 09:42:14,2023-09-23,143.4,3,4.733888888888889,40.3277510971641
2023,2023-2024,matsumae03,matsumae03_T11,2023-09-25 05:04:14,2023-09-25 08:04:14,2023-09-25,33.6,1,1.4825,21.614826722313953
2023,2023-2024,matsumae04,matsumae04_T2,2023-07-08 00:36:50,2023-07-08 06:18:49,2023-07-08,75.1,2,3.285,34.893525272743396
2023,2023-2024,matsumae04,matsumae04_T3,2023-07-10 01:14:49,2023-07-10 09:38:50,2023-07-10,514.5,11,5.699166666666667,46.52120087275728
2023,2023-2024,matsumae04,matsumae04_T6,2023-07-17 01:08:50,2023-07-17 08:26:50,2023-07-17,332.8,8,4.916388888888889,43.608037005119044
2023,2023-2024,matsumae04,matsumae04_T10,2023-08-01 01:39:49,2023-08-01 07:17:49,2023-08-01,55.9,1,3.1658333333333335,41.75193326703017
2023,2023-2024,matsumae04,matsumae04_T11,2023-08-07 01:37:50,2023-08-07 08:07:50,2023-08-07,188.1,3,4.334722222222222,41.891531031564924
2023,2023-2024,matsumae04,matsumae04_T16,2023-09-06 02:10:50,2023-09-06 08:30:50,2023-09-06,344.6,7,2.5008333333333335,39.794894488627655
2023,2023-2024,matsumae04,matsumae04_T17,2023-09-11 02:07:50,2023-09-11 08:10:49,2023-09-11,127.6,3,4.333888888888889,29.773829954008
2023,2023-2024,matsumae05,matsumae05_T1,2023-08-01 01:38:10,2023-08-01 07:41:09,2023-08-01,197.1,5,2.9833333333333334,42.48057817626619
2023,2023-2024,matsumae05,matsumae05_T3,2023-09-03 02:10:09,2023-09-03 07:16:10,2023-09-03,136.8,2,2.8494444444444444,29.988854441333363
2023,2023-2024,matsumae05,matsumae05_T6,2023-09-21 02:16:10,2023-09-21 10:15:09,2023-09-21,470.3,10,5.0325,42.254466538423394
2023,2023-2024,matsumae06,matsumae06_T0,2023-04-28 06:26:24,2023-07-08 06:41:24,2023-07-08,122.5,3,2.8830555555555555,138.38268064902374
2023,2023-2024,matsumae06,matsumae06_T8,2023-09-12 07:23:25,2023-09-21 10:39:24,2023-09-21,517.5,12,5.517222222222222,57.25309306485636
2023,2023-2024,matsumae06,matsumae06_T11,2023-09-23 01:51:24,2023-09-23 08:35:24,2023-09-23,183.10000000000002,4,1.9169444444444446,53.78933255488955
2023,2023-2024,matsumae07,matsumae07_T2,2023-08-01 01:29:34,2023-08-01 07:54:34,2023-08-01,99.4,2,3.867777777777778,44.22269279128463
2023,2023-2024,matsumae07,matsumae07_T3,2023-08-07 01:25:35,2023-08-07 09:04:35,2023-08-07,113.80000000000001,3,4.417222222222223,44.587142804821305
2023,2023-2024,matsumae07,matsumae07_T4,2023-08-09 01:49:34,2023-08-09 08:20:34,2023-08-09,111.2,3,3.951111111111111,36.71598085738311
2023,2023-2024,matsumae07,matsumae07_T5,2023-08-19 01:46:34,2023-08-19 07:36:34,2023-08-19,80.0,1,3.1838888888888888,38.44854254155607
2023,2023-2024,matsumae07,matsumae07_T7,2023-08-29 02:08:34,2023-08-29 08:53:34,2023-08-29,33.5,1,2.9347222222222222,45.30632087215269
2023,2023-2024,matsumae07,matsumae07_T8,2023-09-04 02:01:34,2023-09-04 07:31:34,2023-09-04,139.1,3,3.166666666666667,32.76343803092909
2023,2023-2024,matsumae07,matsumae07_T9,2023-09-06 02:00:35,2023-09-06 08:59:34,2023-09-06,423.9,9,5.283611111111111,30.352131316242232
2023,2023-2024,matsumae07,matsumae07_T10,2023-09-11 02:13:34,2023-09-11 09:01:34,2023-09-11,384.3,9,4.5325,31.905132463413004
2023,2023-2024,matsumae07,matsumae07_T11,2023-09-23 02:41:35,2023-09-23 08:32:35,2023-09-23,131.2,3,3.416388888888889,35.82342190858069
2023,2023-2024,matsumae07,matsumae07_T13,2023-09-24 02:41:34,2023-09-24 08:50:35,2023-09-24,63.2,1,1.4491666666666667,39.860020184323744
2023,2023-2024,matsumae08,matsumae08_T2,2023-07-20 01:27:39,2023-07-20 07:07:39,2023-07-20,303.29999999999995,6,3.3169444444444447,33.10430796947104
2023,2023-2024,matsumae08,matsumae08_T5,2023-07-24 01:27:40,2023-07-24 07:54:40,2023-07-24,415.0,6,3.483611111111111,38.834839039063056
2023,2023-2024,matsumae08,matsumae08_T6,2023-08-07 01:42:40,2023-08-07 07:23:40,2023-08-07,348.2,8,3.0,37.74411252801968
2023,2023-2024,matsumae08,matsumae08_T7,2023-09-04 02:14:39,2023-09-04 07:23:40,2023-09-04,56.3,1,3.15,31.14123713141143
2023,2023-2024,matsumae08,matsumae08_T8,2023-09-11 02:24:40,2023-09-11 07:08:40,2023-09-11,88.4,2,2.7008333333333336,30.293284825076817
2023,2023-2024,matsumae08,matsumae08_T10,2023-09-23 02:39:39,2023-09-23 08:06:39,2023-09-23,129.3,3,2.9325,35.41363089329295
2023,2023-2024,matsumae08,matsumae08_T11,2023-09-24 02:39:40,2023-09-24 08:15:40,2023-09-24,107.9,3,2.7658333333333336,40.652777921091285
2023,2023-2024,matsumae08,matsumae08_T15,2023-10-12 03:16:40,2023-10-12 08:01:39,2023-10-12,109.80000000000001,3,2.6508333333333334,28.13738136065655
2023,2023-2024,matsumae09,matsumae09_T1,2023-09-21 02:00:45,2023-09-21 09:18:45,2023-09-21,152.4,3,4.798611111111112,38.1364974216041
2023,2023-2024,matsumae09,matsumae09_T29,2023-12-06 06:00:44,2023-12-06 10:08:44,2023-12-06,33.6,1,0.6988888888888889,37.14803892601802
2023,2023-2024,matsumae11,matsumae11_T1,2023-09-11 02:11:59,2023-09-11 06:57:59,2023-09-11,75.0,1,3.2491666666666665,22.986197821251523
2023,2023-2024,matsumae12,matsumae12_T1,2023-09-11 01:52:49,2023-09-11 07:07:50,2023-09-11,119.6,3,3.5322222222222224,24.39310349523402
2023,2023-2024,matsumae12,matsumae12_T3,2023-09-23 02:14:49,2023-09-23 07:09:50,2023-09-23,61.6,1,2.7822222222222224,28.359772494144483
2023,2023-2024,matsumae12,matsumae12_T6,2023-09-30 02:27:49,2023-09-30 08:06:49,2023-09-30,170.5,4,4.199722222222222,24.433942413679866
2023,2023-2024,matsumae12,matsumae12_T7,2023-10-15 03:05:49,2023-10-15 07:40:49,2023-10-15,39.1,1,2.966388888888889,23.676423781492705
2023,2023-2024,matsumae12,matsumae12_T8,2023-11-16 03:22:49,2023-11-16 08:04:49,2023-11-16,27.8,1,2.7666666666666666,25.288894780679225
2023,2023-2024,matsumae12,matsumae12_T10,2023-12-03 06:46:49,2023-12-03 09:54:49,2023-12-03,176.5,9,0.7991666666666667,29.540425239589492
2023,2023-2024,matsumae12,matsumae12_T11,2023-12-03 11:10:50,2023-12-03 13:07:49,2023-12-03,176.5,9,0.23333333333333334,21.171516125603144
2023,2023-2024,matsumae12,matsumae12_T13,2023-12-06 06:34:49,2023-12-06 10:08:50,2023-12-06,26.1,1,0.7675000000000001,34.81214957597689
2023,2023-2024,matsumae12,matsumae12_T14,2023-12-12 06:48:49,2023-12-12 10:23:50,2023-12-12,65.6,2,1.4994444444444446,26.57241403352187
2023,2023-2024,matsumae12,matsumae12_T15,2023-12-12 11:00:49,2023-12-12 12:57:50,2023-12-12,65.6,2,0.6666666666666667,16.423893230625755
2023,2023-2024,matsumae13,matsumae13_T1,2023-09-23 02:33:44,2023-09-23 08:34:44,2023-09-23,108.2,3,3.866388888888889,33.533743592767685
2023,2023-2024,matsumae13,matsumae13_T3,2023-09-24 02:34:44,2023-09-24 07:30:45,2023-09-24,44.0,1,2.500277777777778,37.87175810215026
2023,2023-2024,matsumae14,matsumae14_T4,2023-09-23 02:32:19,2023-09-23 08:51:19,2023-09-23,80.8,2,4.35,34.86772685795467
2023,2023-2024,matsumae14,matsumae14_T5,2023-09-24 02:33:19,2023-09-24 09:31:20,2023-09-24,187.6,4,4.149166666666667,46.148936261431366
2023,2023-2024,matsumae14,matsumae14_T6,2023-09-25 02:23:19,2023-09-25 08:37:19,2023-09-25,27.1,1,3.5169444444444444,40.244214766645094
2023,2023-2024,matsumae14,matsumae14_T12,2023-09-30 02:32:20,2023-09-30 09:57:20,2023-09-30,337.8,8,5.015833333333333,46.545237238458235
2023,2023-2024,matsumae15,matsumae15_T1,2023-09-23 02:39:04,2023-09-23 05:52:05,2023-09-23,507.3,12,1.6830555555555555,25.723183654621245
2023,2023-2024,matsumae16,matsumae16_T1,2023-09-21 02:09:20,2023-09-21 12:21:19,2023-09-21,160.7,3,7.250555555555556,48.33057053359678
2023,2023-2024,matsumae17,matsumae17_T4,2023-11-05 02:34:40,2023-11-05 10:21:39,2023-11-05,72.1,2,4.999444444444444,46.307056204435824
2023,2023-2024,matsumae18,matsumae18_T3,2023-09-23 02:34:04,2023-09-23 08:40:05,2023-09-23,160.9,4,2.7669444444444444,42.51127485494708
2023,2023-2024,matsumae18,matsumae18_T6,2023-09-26 02:32:05,2023-09-26 07:57:05,2023-09-26,61.0,1,2.6327777777777777,43.09112596491592
2023,2023-2024,matsumae19,matsumae19_T1,2023-09-11 02:23:24,2023-09-11 07:08:24,2023-09-11,103.7,2,2.5169444444444444,31.431966878866948
2023,2023-2024,matsumae19,matsumae19_T4,2023-09-21 02:22:24,2023-09-21 09:17:25,2023-09-21,259.8,6,3.9347222222222222,38.01061668403746
2023,2023-2024,matsumae19,matsumae19_T6,2023-09-24 02:36:25,2023-09-24 09:05:25,2023-09-24,167.0,4,2.6825,58.818496567325106
2023,2023-2024,matsumae19,matsumae19_T7,2023-09-25 02:36:24,2023-09-25 08:06:24,2023-09-25,92.8,2,2.8666666666666667,39.1285917146523
2023,2023-2024,matsumae19,matsumae19_T9,2023-09-26 02:36:25,2023-09-26 07:57:25,2023-09-26,26.6,1,2.3822222222222225,40.07653341476214
2023,2023-2024,matsumae19,matsumae19_T10,2023-09-27 02:38:25,2023-09-27 07:53:25,2023-09-27,97.0,1,1.6994444444444445,48.11751814885378
2023,2023-2024,matsumae21,matsumae21_T1,2023-09-23 02:40:55,2023-09-23 09:24:55,2023-09-23,172.5,3,4.750277777777778,34.665571592499504
2023,2023-2024,matsumae21,matsumae21_T7,2023-12-06 06:44:55,2023-12-06 11:12:54,2023-12-06,31.3,1,1.7330555555555556,36.209366452977086
2023,2023-2024,matsumae21,matsumae21_T8,2023-12-12 07:42:54,2023-12-12 11:05:55,2023-12-12,48.1,1,1.2169444444444444,28.224956478281307
2023,2023-2024,matsumae22,matsumae22_T2,2023-09-23 02:39:09,2023-09-23 08:51:10,2023-09-23,296.7,7,2.2325,31.130668922437653
2023,2023-2024,matsumae22,matsumae22_T15,2023-12-06 06:35:09,2023-12-06 10:53:10,2023-12-06,31.2,1,1.833611111111111,32.62165021517843
2023,2023-2024,matsumae24,matsumae24_T1,2023-09-11 02:14:39,2023-09-11 08:19:39,2023-09-11,204.5,5,4.101111111111111,33.26296471161202
2023,2023-2024,matsumae24,matsumae24_T2,2023-09-23 02:30:40,2023-09-23 09:24:39,2023-09-23,209.8,4,2.700277777777778,38.23957069457646
2023,2023-2024,matsumae25,matsumae25_T1,2023-09-12 02:19:09,2023-09-12 07:20:09,2023-09-12,129.8,3,2.9675,37.07770729093052
2023,2023-2024,matsumae25,matsumae25_T2,2023-09-14 02:17:09,2023-09-14 07:29:10,2023-09-14,120.5,2,3.183611111111111,35.06856496433187
2023,2023-2024,matsumae25,matsumae25_T3,2023-09-21 02:18:10,2023-09-21 09:22:10,2023-09-21,348.1,8,4.735,34.70868287906757
2023,2023-2024,matsumae26,matsumae26_T2,2023-09-21 02:23:09,2023-09-21 08:04:09,2023-09-21,220.1,5,2.7325,36.6742196763103
2023,2023-2024,matsumae26,matsumae26_T4,2023-09-24 02:43:09,2023-09-24 07:07:09,2023-09-24,63.599999999999994,2,2.383611111111111,27.053242654583165
2023,2023-2024,matsumae26,matsumae26_T6,2023-09-25 02:42:10,2023-09-25 07:30:10,2023-09-25,32.4,1,2.7158333333333333,34.22627887615858
2023,2023-2024,matsumae27,matsumae27_T4,2023-09-21 02:19:54,2023-09-21 09:10:55,2023-09-21,199.5,5,4.083333333333333,36.43344962029779
2023,2023-2024,matsumae28,matsumae28_T1,2023-09-21 02:09:35,2023-09-21 10:23:35,2023-09-21,532.5,12,5.385555555555555,37.69405294720322
2023,2023-2024,matsumae28,matsumae28_T9,2023-09-24 02:40:35,2023-09-24 08:45:34,2023-09-24,213.0,5,2.2333333333333334,59.957550611018085
2023,2023-2024,matsumae28,matsumae28_T14,2023-10-09 03:01:35,2023-10-09 08:41:34,2023-10-09,58.699999999999996,2,2.2494444444444444,43.43373466647016
2023,2023-2024,matsumae28,matsumae28_T16,2023-10-12 03:22:34,2023-10-12 07:37:34,2023-10-12,59.1,2,1.6169444444444445,33.13725410758891
2024,2024-2025,matsumae01,matsumae01_T6,2024-07-09 01:14:40,2024-07-09 12:09:39,2024-07-09,738.2,13,8.766666666666667,34.71100602120681
2024,2024-2025,matsumae01,matsumae01_T10,2024-07-11 01:14:40,2024-07-11 12:18:39,2024-07-11,700.0,13,8.750833333333334,46.04013412370479
2024,2024-2025,matsumae01,matsumae01_T14,2024-07-16 01:24:40,2024-07-16 11:36:39,2024-07-16,1055.3,18,8.016388888888889,46.77530232302317
2024,2024-2025,matsumae01,matsumae01_T35,2024-10-27 07:03:40,2024-10-27 10:34:40,2024-10-27,28.5,1,0.26666666666666666,28.010938259891706
2024,2024-2025,matsumae02,matsumae02_T5,2024-07-09 00:38:19,2024-07-09 10:01:20,2024-07-09,705.7,12,6.868333333333333,38.17565756367365
2024,2024-2025,matsumae02,matsumae02_T11,2024-07-10 00:43:20,2024-07-10 09:36:19,2024-07-10,749.3,19,6.6177777777777775,33.06783180595761
2024,2024-2025,matsumae02,matsumae02_T19,2024-07-16 00:38:19,2024-07-16 06:45:20,2024-07-16,361.1,7,5.166666666666667,23.23800577648755
2024,2024-2025,matsumae03,matsumae03_T5,2024-07-10 01:00:15,2024-07-10 09:59:15,2024-07-10,424.8,10,6.6658333333333335,39.652820997294015
2024,2024-2025,matsumae03,matsumae03_T6,2024-07-17 00:56:15,2024-07-17 09:57:14,2024-07-17,1147.1000000000001,18,5.966666666666667,46.73465838285308
2024,2024-2025,matsumae03,matsumae03_T9,2024-08-07 01:45:14,2024-08-07 10:30:14,2024-08-07,151.7,3,5.766666666666667,49.34579151481779
2024,2024-2025,matsumae04,matsumae04_T6,2024-07-09 01:10:49,2024-07-09 07:33:49,2024-07-09,357.4,6,4.448888888888889,30.6947959153572
2024,2024-2025,matsumae04,matsumae04_T7,2024-07-10 00:58:50,2024-07-10 09:37:50,2024-07-10,317.1,6,6.898611111111111,33.68110323441287
2024,2024-2025,matsumae04,matsumae04_T8,2024-07-16 01:02:49,2024-07-16 08:58:49,2024-07-16,470.7,8,5.7347222222222225,39.55747170402044
2024,2024-2025,matsumae04,matsumae04_T20,2024-08-19 01:32:49,2024-08-19 07:01:48,2024-08-19,38.2,1,3.0997222222222223,40.66752985054685
2024,2024-2025,matsumae04,matsumae04_T21,2024-08-20 01:26:49,2024-08-20 07:07:50,2024-08-20,40.1,1,2.7,49.267082859573044
2024,2024-2025,matsumae04,matsumae04_T32,2024-09-29 02:39:49,2024-09-29 08:07:50,2024-09-29,57.1,1,2.8008333333333333,40.06373802853256
2024,2024-2025,matsumae04,matsumae04_T35,2024-10-26 03:07:49,2024-10-26 08:49:49,2024-10-26,30.1,1,3.866388888888889,32.44823664414153
2024,2024-2025,matsumae04,matsumae04_T36,2024-10-26 10:58:49,2024-10-26 15:02:50,2024-10-26,30.1,1,0.0,39.532909221348135
2024,2024-2025,matsumae05,matsumae05_T2,2024-07-10 01:28:10,2024-07-10 08:23:09,2024-07-10,417.2,10,4.0825000000000005,39.903619982682386
2024,2024-2025,matsumae05,matsumae05_T5,2024-07-16 01:20:10,2024-07-16 08:38:09,2024-07-16,843.0,11,4.100833333333333,46.05760360615657
2024,2024-2025,matsumae05,matsumae05_T8,2024-08-07 01:57:09,2024-08-07 09:11:10,2024-08-07,625.0,13,4.166388888888889,42.123625185788924
2024,2024-2025,matsumae06,matsumae06_T3,2024-07-09 01:33:24,2024-07-09 08:47:25,2024-07-09,364.2,9,4.683611111111111,47.996057464730455
2024,2024-2025,matsumae06,matsumae06_T6,2024-07-10 01:42:24,2024-07-10 07:37:24,2024-07-10,330.3,5,2.566666666666667,47.85638696276981
2024,2024-2025,matsumae06,matsumae06_T9,2024-07-16 01:18:25,2024-07-16 06:55:24,2024-07-16,216.1,4,2.950833333333333,37.920653537470066
2024,2024-2025,matsumae06,matsumae06_T12,2024-07-17 00:55:24,2024-07-17 09:10:24,2024-07-17,732.3,10,5.250555555555556,54.92958602686104
2024,2024-2025,matsumae06,matsumae06_T33,2024-11-10 03:35:24,2024-11-10 09:31:24,2024-11-10,104.0,2,0.46694444444444444,63.92711830050887
2024,2024-2025,matsumae07,matsumae07_T5,2024-07-17 01:17:35,2024-07-17 10:06:35,2024-07-17,610.5,10,5.867222222222223,43.555576885507136
2024,2024-2025,matsumae07,matsumae07_T8,2024-08-01 01:28:35,2024-08-01 07:50:34,2024-08-01,98.6,2,2.6994444444444445,35.51298473189584
2024,2024-2025,matsumae07,matsumae07_T9,2024-08-03 01:51:34,2024-08-03 09:04:34,2024-08-03,348.5,6,1.0663888888888888,39.880881051051816
2024,2024-2025,matsumae07,matsumae07_T10,2024-08-07 01:48:35,2024-08-07 10:32:34,2024-08-07,697.6,13,5.9175,37.61402466172035
2024,2024-2025,matsumae08,matsumae08_T8,2024-07-17 01:29:39,2024-07-17 08:52:39,2024-07-17,891.3,16,4.766944444444444,40.36843312506972
2024,2024-2025,matsumae08,matsumae08_T19,2024-10-26 03:04:40,2024-10-26 10:43:39,2024-10-26,54.2,2,5.231111111111112,38.09209429628101
2024,2024-2025,matsumae08,matsumae08_T27,2024-11-01 03:13:40,2024-11-01 08:34:40,2024-11-01,53.4,1,2.6494444444444447,33.690299507631956
2024,2024-2025,matsumae08,matsumae08_T28,2024-11-02 03:09:40,2024-11-02 08:36:39,2024-11-02,46.5,1,3.1166666666666667,30.49974221572214
2024,2024-2025,matsumae09,matsumae09_T6,2024-07-12 01:14:44,2024-07-12 11:29:44,2024-07-12,1278.8,26,6.416666666666667,65.781221123242
2024,2024-2025,matsumae09,matsumae09_T24,2024-10-26 03:03:44,2024-10-26 09:06:44,2024-10-26,55.8,2,3.5497222222222224,40.68214083374573
2024,2024-2025,matsumae09,matsumae09_T26,2024-10-26 10:47:45,2024-10-26 14:57:45,2024-10-26,55.8,2,0.016666666666666666,44.67018087556397
2024,2024-2025,matsumae09,matsumae09_T36,2024-11-10 03:18:45,2024-11-10 08:50:44,2024-11-10,92.3,3,3.4319444444444445,33.81318083705915
2024,2024-2025,matsumae11,matsumae11_T1,2024-07-10 00:48:59,2024-07-10 08:17:59,2024-07-10,614.0,15,6.416666666666667,21.722361481578123
2024,2024-2025,matsumae11,matsumae11_T9,2024-07-11 00:50:59,2024-07-11 09:40:00,2024-07-11,700.4,15,6.700277777777778,43.89678903159402
2024,2024-2025,matsumae11,matsumae11_T14,2024-07-16 00:39:00,2024-07-16 09:33:59,2024-07-16,789.9,15,2.450277777777778,46.638131827222466
2024,2024-2025,matsumae12,matsumae12_T13,2024-07-10 01:06:49,2024-07-10 10:03:49,2024-07-10,461.0,11,6.749722222222222,34.81152197686588
2024,2024-2025,matsumae12,matsumae12_T19,2024-07-11 01:00:49,2024-07-11 09:17:50,2024-07-11,379.2,8,6.583055555555556,32.0000004905303
2024,2024-2025,matsumae12,matsumae12_T20,2024-07-16 00:50:50,2024-07-16 07:52:50,2024-07-16,312.0,6,5.184444444444445,33.11147275948642
2024,2024-2025,matsumae12,matsumae12_T21,2024-07-17 00:58:50,2024-07-17 06:26:50,2024-07-17,266.9,5,3.35,22.45760150510182
2024,2024-2025,matsumae12,matsumae12_T22,2024-08-01 01:19:49,2024-08-01 07:32:49,2024-08-01,192.9,4,4.349722222222223,27.300379740675154
2024,2024-2025,matsumae12,matsumae12_T23,2024-08-03 01:19:49,2024-08-03 07:03:50,2024-08-03,148.3,3,3.7155555555555555,31.17026852551647
2024,2024-2025,matsumae12,matsumae12_T29,2024-08-20 00:53:50,2024-08-20 07:20:49,2024-08-20,207.0,2,3.716111111111111,46.58752481203105
2024,2024-2025,matsumae13,matsumae13_T6,2024-08-06 01:34:44,2024-08-06 08:56:44,2024-08-06,409.3,7,4.767222222222222,42.8584619330513
2024,2024-2025,matsumae13,matsumae13_T10,2024-08-07 01:43:44,2024-08-07 12:07:44,2024-08-07,1080.9,22,7.633888888888889,49.464901305266196
2024,2024-2025,matsumae14,matsumae14_T8,2024-08-03 01:43:19,2024-08-03 08:38:19,2024-08-03,134.4,2,3.6172222222222223,43.18781986431704
2024,2024-2025,matsumae14,matsumae14_T10,2024-08-06 01:33:19,2024-08-06 10:42:19,2024-08-06,418.0,6,6.333055555555556,43.10176876746837
2024,2024-2025,matsumae14,matsumae14_T15,2024-08-07 01:44:19,2024-08-07 11:35:20,2024-08-07,354.7,8,6.665555555555556,47.176515621326544
2024,2024-2025,matsumae15,matsumae15_T22,2024-07-11 01:12:05,2024-07-11 10:49:05,2024-07-11,435.1,8,7.216388888888889,38.2573884737386
2024,2024-2025,matsumae15,matsumae15_T23,2024-07-12 01:01:04,2024-07-12 11:54:04,2024-07-12,1017.3000000000001,20,8.400277777777777,38.62225010673992
2024,2024-2025,matsumae15,matsumae15_T24,2024-07-16 01:04:04,2024-07-16 09:22:04,2024-07-16,565.1,9,5.7,42.846775877302626
2024,2024-2025,matsumae15,matsumae15_T28,2024-07-17 01:14:04,2024-07-17 11:29:04,2024-07-17,748.3,12,6.216111111111111,66.26986736580314
2024,2024-2025,matsumae15,matsumae15_T32,2024-08-01 01:24:04,2024-08-01 07:52:05,2024-08-01,106.69999999999999,2,4.516944444444444,36.0667580363605
2024,2024-2025,matsumae15,matsumae15_T33,2024-08-03 01:47:04,2024-08-03 08:12:04,2024-08-03,117.5,2,2.4,43.09784465073222
2024,2024-2025,matsumae15,matsumae15_T36,2024-08-07 01:50:05,2024-08-07 13:36:05,2024-08-07,1550.3,32,8.8,55.36185658454949
2024,2024-2025,matsumae15,matsumae15_T40,2024-08-19 01:39:05,2024-08-19 07:43:05,2024-08-19,44.7,1,2.499722222222222,46.38932547712246
2024,2024-2025,matsumae16,matsumae16_T2,2024-07-17 01:16:19,2024-07-17 09:39:20,2024-07-17,1017.6,15,5.250277777777778,49.22512263630781
2024,2024-2025,matsumae16,matsumae16_T5,2024-08-07 01:44:19,2024-08-07 10:34:20,2024-08-07,562.5,11,6.232777777777778,47.791050638773726
2024,2024-2025,matsumae16,matsumae16_T8,2024-10-18 03:00:20,2024-10-18 09:14:19,2024-10-18,59.3,2,3.9672222222222224,37.05866677632522
2024,2024-2025,matsumae16,matsumae16_T9,2024-10-26 03:11:20,2024-10-26 08:42:19,2024-10-26,54.900000000000006,2,3.232222222222222,33.655627906379834
2024,2024-2025,matsumae16,matsumae16_T11,2024-11-01 03:07:20,2024-11-01 08:41:20,2024-11-01,56.5,2,2.8830555555555555,39.79983960974143
2024,2024-2025,matsumae17,matsumae17_T6,2024-07-11 01:03:39,2024-07-11 11:19:39,2024-07-11,515.4,11,8.54861111111111,40.60369794231715
2024,2024-2025,matsumae17,matsumae17_T10,2024-08-01 01:26:39,2024-08-01 07:36:39,2024-08-01,121.9,3,4.533055555555555,33.14745340468968
2024,2024-2025,matsumae17,matsumae17_T11,2024-08-06 02:57:38,2024-08-06 09:07:40,2024-08-06,314.7,7,5.117222222222222,23.552081373803347
2024,2024-2025,matsumae17,matsumae17_T18,2024-10-18 03:11:39,2024-10-18 09:42:40,2024-10-18,48.2,1,5.233888888888889,28.44404009003272
2024,2024-2025,matsumae17,matsumae17_T19,2024-10-26 02:15:40,2024-10-26 09:06:39,2024-10-26,56.099999999999994,2,4.867222222222222,37.84077222028904
2024,2024-2025,matsumae17,matsumae17_T24,2024-11-01 03:09:40,2024-11-01 08:59:40,2024-11-01,54.7,2,3.716666666666667,37.46575570301498
2024,2024-2025,matsumae17,matsumae17_T27,2024-11-10 02:49:40,2024-11-10 09:27:40,2024-11-10,252.3,6,4.116944444444445,44.836395710955415
2024,2024-2025,matsumae18,matsumae18_T1,2024-07-09 01:28:04,2024-07-09 08:50:04,2024-07-09,605.3,9,4.8825,36.82133694064569
2024,2024-2025,matsumae18,matsumae18_T6,2024-07-10 01:10:04,2024-07-10 08:26:05,2024-07-10,293.7,7,4.500555555555556,36.75795900500961
2024,2024-2025,matsumae18,matsumae18_T7,2024-07-11 01:11:04,2024-07-11 11:46:05,2024-07-11,961.2,20,8.016388888888889,47.66169584997423
2024,2024-2025,matsumae18,matsumae18_T13,2024-07-16 01:02:04,2024-07-16 10:46:04,2024-07-16,1097.8,16,6.917222222222223,48.33959386949007
2024,2024-2025,matsumae18,matsumae18_T16,2024-07-17 01:11:04,2024-07-17 09:00:04,2024-07-17,837.5,15,4.8997222222222225,51.37738335220306
2024,2024-2025,matsumae18,matsumae18_T20,2024-08-01 01:28:05,2024-08-01 07:34:04,2024-08-01,83.6,2,3.85,35.08386005262834
2024,2024-2025,matsumae18,matsumae18_T21,2024-08-03 01:43:04,2024-08-03 07:24:05,2024-08-03,136.6,2,3.118055555555556,40.49610528859727
2024,2024-2025,matsumae18,matsumae18_T22,2024-08-06 01:36:05,2024-08-06 07:51:05,2024-08-06,199.2,4,3.433611111111111,36.655171256040845
2024,2024-2025,matsumae18,matsumae18_T23,2024-08-07 01:48:05,2024-08-07 12:23:05,2024-08-07,1125.3,23,7.149444444444445,53.674734506781725
2024,2024-2025,matsumae18,matsumae18_T27,2024-08-19 01:38:05,2024-08-19 07:33:05,2024-08-19,41.5,1,3.082777777777778,43.56224114521503
2024,2024-2025,matsumae18,matsumae18_T28,2024-08-20 01:42:05,2024-08-20 08:31:04,2024-08-20,286.1,6,3.883888888888889,46.62417476378285
2024,2024-2025,matsumae18,matsumae18_T45,2024-10-18 02:50:04,2024-10-18 08:37:04,2024-10-18,26.1,1,3.2311111111111113,37.328849716358526
2024,2024-2025,matsumae18,matsumae18_T46,2024-10-26 02:53:05,2024-10-26 09:11:05,2024-10-26,52.2,2,3.6997222222222224,39.84883582053496
2024,2024-2025,matsumae18,matsumae18_T47,2024-10-26 10:45:04,2024-10-26 15:29:04,2024-10-26,52.2,2,0.1,44.3060757900535
2024,2024-2025,matsumae19,matsumae19_T3,2024-07-16 01:13:24,2024-07-16 09:23:24,2024-07-16,704.8,11,4.200833333333334,50.16708117905079
2024,2024-2025,matsumae19,matsumae19_T10,2024-07-17 01:20:25,2024-07-17 08:29:25,2024-07-17,1092.0,19,4.497222222222223,43.00517329095799
2024,2024-2025,matsumae20,matsumae20_T19,2024-07-11 01:09:45,2024-07-11 12:40:45,2024-07-11,879.7,20,8.483611111111111,60.68594241614846
2024,2024-2025,matsumae20,matsumae20_T23,2024-07-16 01:13:44,2024-07-16 11:18:45,2024-07-16,1086.9,17,7.649444444444445,47.592297542337484
2024,2024-2025,matsumae21,matsumae21_T1,2024-07-16 01:01:54,2024-07-16 07:56:54,2024-07-16,521.0,9,4.433055555555556,42.44288353630003
2024,2024-2025,matsumae21,matsumae21_T4,2024-07-17 01:11:54,2024-07-17 07:45:55,2024-07-17,484.70000000000005,8,4.133333333333334,38.30655117804635
2024,2024-2025,matsumae21,matsumae21_T10,2024-09-09 02:01:55,2024-09-09 07:21:55,2024-09-09,76.8,1,3.4336111111111114,34.903397884822716
2024,2024-2025,matsumae21,matsumae21_T11,2024-09-12 02:22:54,2024-09-12 07:42:55,2024-09-12,161.2,2,2.7663888888888892,40.35829273634377
2024,2024-2025,matsumae21,matsumae21_T15,2024-10-12 02:57:54,2024-10-12 07:58:55,2024-10-12,44.7,1,2.6325,32.506495303145684
2024,2024-2025,matsumae21,matsumae21_T21,2024-10-30 03:12:54,2024-10-30 09:10:54,2024-10-30,27.3,1,2.950277777777778,41.62978809670565
2024,2024-2025,matsumae22,matsumae22_T4,2024-07-16 01:13:10,2024-07-16 08:33:09,2024-07-16,927.5,14,5.2347222222222225,39.465386543711695
2024,2024-2025,matsumae22,matsumae22_T7,2024-08-19 01:44:09,2024-08-19 07:15:09,2024-08-19,68.1,1,2.866111111111111,36.47578368415379
2024,2024-2025,matsumae22,matsumae22_T8,2024-08-20 01:39:10,2024-08-20 06:48:09,2024-08-20,53.9,1,3.0158333333333336,35.0289912829853
2024,2024-2025,matsumae22,matsumae22_T16,2024-10-14 02:49:09,2024-10-14 08:01:09,2024-10-14,27.0,1,2.748888888888889,33.060154485363604
2024,2024-2025,matsumae22,matsumae22_T21,2024-11-01 03:06:10,2024-11-01 07:51:09,2024-11-01,40.3,1,1.8675,33.036819129675855
2024,2024-2025,matsumae22,matsumae22_T23,2024-11-10 03:24:09,2024-11-10 08:21:08,2024-11-10,26.9,1,2.1005555555555557,37.43350890673988
2024,2024-2025,matsumae23,matsumae23_T8,2024-07-09 01:17:34,2024-07-09 10:33:34,2024-07-09,592.1,10,7.099722222222223,35.58596043727077
2024,2024-2025,matsumae23,matsumae23_T12,2024-07-10 01:10:34,2024-07-10 10:13:35,2024-07-10,336.0,7,7.050277777777778,37.17138291080502
2024,2024-2025,matsumae23,matsumae23_T15,2024-07-11 01:09:34,2024-07-11 12:41:35,2024-07-11,815.4,14,9.200277777777778,52.53244380173661
2024,2024-2025,matsumae23,matsumae23_T19,2024-07-17 01:08:35,2024-07-17 07:22:34,2024-07-17,181.0,3,4.282777777777778,28.492659492714814
2024,2024-2025,matsumae24,matsumae24_T8,2024-07-10 01:14:40,2024-07-10 09:45:40,2024-07-10,533.0,11,6.051111111111111,43.66332408685924
2024,2024-2025,matsumae24,matsumae24_T12,2024-07-17 01:11:40,2024-07-17 07:41:39,2024-07-17,671.9,11,4.033055555555555,40.44361338210151
2024,2024-2025,matsumae24,matsumae24_T15,2024-08-07 01:47:39,2024-08-07 12:08:39,2024-08-07,678.7,13,6.666666666666667,54.38167626550533
2024,2024-2025,matsumae25,matsumae25_T0,2024-07-10 01:33:10,2024-07-10 08:51:09,2024-07-10,398.4,8,5.084444444444444,33.236885973042504
2024,2024-2025,matsumae25,matsumae25_T1,2024-07-16 01:17:10,2024-07-16 07:33:10,2024-07-16,588.9,10,4.033888888888889,34.117078120485
2024,2024-2025,matsumae25,matsumae25_T2,2024-08-03 01:41:09,2024-08-03 07:29:10,2024-08-03,62.2,1,2.866388888888889,47.91291379771047
2024,2024-2025,matsumae25,matsumae25_T3,2024-08-07 01:35:10,2024-08-07 09:04:09,2024-08-07,1098.4,23,4.651388888888889,47.140150366452616
2024,2024-2025,matsumae26,matsumae26_T7,2024-07-12 01:26:09,2024-07-12 05:47:09,2024-07-12,136.5,2,2.6341666666666668,24.537881652135102
2024,2024-2025,matsumae26,matsumae26_T8,2024-07-16 01:22:10,2024-07-16 07:33:10,2024-07-16,396.1,6,2.317222222222222,45.821797626375385
2024,2024-2025,matsumae26,matsumae26_T9,2024-07-17 01:15:10,2024-07-17 07:49:09,2024-07-17,692.5,11,3.1994444444444445,38.497695327173666
2024,2024-2025,matsumae26,matsumae26_T12,2024-08-06 02:00:09,2024-08-06 06:53:10,2024-08-06,309.6,7,2.9008333333333334,26.955326477256428
2024,2024-2025,matsumae27,matsumae27_T4,2024-07-10 01:16:55,2024-07-10 08:38:55,2024-07-10,320.2,8,4.9675,40.78145246557891
2024,2024-2025,matsumae27,matsumae27_T5,2024-07-11 01:08:54,2024-07-11 08:53:54,2024-07-11,485.3,11,5.083055555555555,42.52903017979958
2024,2024-2025,matsumae27,matsumae27_T9,2024-07-17 01:11:54,2024-07-17 08:48:54,2024-07-17,762.8,13,4.816666666666666,42.385773465749374
2024,2024-2025,matsumae27,matsumae27_T13,2024-08-07 01:33:55,2024-08-07 10:00:54,2024-08-07,202.7,3,5.8175,41.5330590163009
2024,2024-2025,matsumae28,matsumae28_T18,2024-07-16 01:23:35,2024-07-16 07:14:35,2024-07-16,537.4,10,2.865277777777778,47.259591210436525
2024,2024-2025,matsumae28,matsumae28_T22,2024-07-17 01:11:35,2024-07-17 07:54:34,2024-07-17,878.3000000000001,15,3.1830555555555557,49.3067521962803
2024,2024-2025,matsumae28,matsumae28_T37,2024-10-18 03:19:34,2024-10-18 08:01:34,2024-10-18,80.6,3,1.5505555555555557,39.98350273395049
2024,2024-2025,matsumae28,matsumae28_T38,2024-10-26 03:16:34,2024-10-26 08:44:34,2024-10-26,54.9,2,2.3855555555555554,45.38744599444234
2024,2024-2025,matsumae28,matsumae28_T39,2024-10-26 10:42:35,2024-10-26 15:01:35,2024-10-26,54.9,2,0.03305555555555556,45.41552658107453
2024,2024-2025,matsumae28,matsumae28_T44,2024-11-10 03:46:34,2024-11-10 08:49:35,2024-11-10,165.0,4,2.2672222222222222,39.72302604992636
