month,matsumae01,matsumae02,matsumae03,matsumae04,matsumae05,matsumae06,matsumae07,matsumae08,matsumae09,matsumae10,matsumae11,matsumae12,matsumae13,matsumae14,matsumae15,matsumae16,matsumae17,matsumae18,matsumae19,matsumae20,matsumae21,matsumae22,matsumae23,matsumae24,matsumae25,matsumae26,matsumae27,matsumae28,matsumae31,合計_kg
2022-07,190.9,0.0,0.0,0.0,0.0,0.0,0.0,0.0,465.0,536.2,602.3,428.20000000000005,0.0,0.0,0.0,0.0,0.0,0.0,0.0,0.0,0.0,0.0,0.0,210.6,0.0,0.0,0.0,0.0,0.0,2433.2
2022-08,645.2,1507.3,1027.4,1083.5,856.9,729.1,350.8,714.4,978.8,673.5,688.5,715.6,722.2,1115.2,0.0,847.0,906.2,0.0,1497.8,540.7,344.0,723.4,0.0,1004.0,1122.9,0.0,1406.2,864.3,884.5,21949.400000000005
2022-09,672.1999999999999,237.5,639.7,573.1,719.2,915.4,1218.4,686.3,202.6,543.7,457.8,610.8,277.7,237.3,0.0,347.0,478.0,0.0,122.8,942.2,954.6,854.8,1253.7,443.4,637.8,1078.5,326.8,680.9,850.5,16962.699999999997
2022-10,100.6,0.0,56.1,29.5,111.7,0.0,116.2,247.2,29.3,0.0,0.0,0.0,73.0,72.4,55.3,285.9,205.1,0.0,38.6,26.8,148.9,152.3,0.0,27.6,0.0,0.0,0.0,27.6,0.0,1804.0999999999995
2022-11,0.0,0.0,0.0,0.0,0.0,0.0,0.0,0.0,0.0,0.0,0.0,0.0,0.0,0.0,0.0,0.0,30.2,0.0,0.0,0.0,0.0,0.0,0.0,0.0,0.0,0.0,0.0,0.0,0.0,30.2
2022-12,0.0,0.0,0.0,0.0,0.0,0.0,0.0,0.0,0.0,0.0,19.0,103.8,0.0,0.0,0.0,0.0,0.0,0.0,0.0,0.0,0.0,0.0,0.0,0.0,0.0,0.0,0.0,0.0,0.0,122.8
2023-01,0.0,0.0,0.0,0.0,0.0,0.0,0.0,0.0,0.0,0.0,0.0,0.0,0.0,0.0,0.0,0.0,0.0,0.0,0.0,0.0,0.0,0.0,0.0,0.0,0.0,0.0,0.0,0.0,0.0,0.0
2023-02,0.0,0.0,0.0,0.0,0.0,0.0,0.0,0.0,0.0,0.0,0.0,0.0,0.0,0.0,0.0,0.0,0.0,0.0,0.0,0.0,0.0,0.0,0.0,0.0,0.0,0.0,0.0,0.0,0.0,0.0
2023-03,0.0,0.0,0.0,0.0,0.0,0.0,0.0,0.0,0.0,0.0,0.0,0.0,0.0,0.0,0.0,0.0,0.0,0.0,0.0,0.0,0.0,0.0,0.0,0.0,0.0,0.0,0.0,0.0,0.0,0.0
2023-04,0.0,0.0,0.0,0.0,0.0,0.0,0.0,0.0,0.0,0.0,0.0,0.0,0.0,0.0,0.0,0.0,0.0,0.0,0.0,0.0,0.0,0.0,0.0,0.0,0.0,0.0,0.0,0.0,0.0,0.0
2023-05,0.0,0.0,0.0,0.0,0.0,0.0,0.0,0.0,0.0,0.0,0.0,0.0,0.0,0.0,0.0,0.0,0.0,0.0,0.0,0.0,0.0,0.0,0.0,0.0,0.0,0.0,0.0,0.0,0.0,0.0
2023-06,0.0,0.0,0.0,0.0,0.0,0.0,0.0,0.0,0.0,0.0,0.0,0.0,0.0,0.0,0.0,0.0,0.0,0.0,0.0,0.0,0.0,0.0,0.0,0.0,0.0,0.0,0.0,0.0,0.0,0.0
2023-07,1642.1,1010.7,1234.5,922.4,832.3,856.4,55.3,718.3,1264.0,625.8,1335.8,997.8,678.2,664.4,551.1,833.7,764.4,0.0,0.0,1660.5,0.0,633.3,1625.7,1096.8,867.9,0.0,962.6,0.0,791.4,22625.399999999998
2023-08,0.0,94.5,94.80000000000001,244.0,197.1,0.0,437.9,348.2,75.6,50.2,0.0,76.2,164.3,106.89999999999999,572.1,439.3,361.6,770.1,507.1,0.0,1038.5,356.9,0.0,75.0,281.4,0.0,498.5,207.3,673.3000000000001,7670.8
2023-09,0.0,567.8,306.8,472.2,607.1,700.6,1141.7,381.9,327.5,938.3,314.3,395.5,749.2,801.6999999999999,507.3,377.20000000000005,531.9,221.9,788.9,0.0,617.6,672.0,0.0,477.3,598.4,450.3,199.5,1326.5,160.8,14634.199999999997
2023-10,0.0,0.0,0.0,0.0,0.0,74.5,0.0,109.80000000000001,0.0,0.0,0.0,39.1,0.0,0.0,0.0,0.0,0.0,0.0,0.0,0.0,0.0,0.0,0.0,0.0,0.0,0.0,0.0,117.8,0.0,341.2
2023-11,0.0,0.0,0.0,0.0,0.0,0.0,0.0,0.0,0.0,0.0,0.0,27.8,0.0,0.0,0.0,39.5,72.1,0.0,0.0,0.0,0.0,0.0,0.0,0.0,0.0,0.0,0.0,0.0,0.0,139.39999999999998
2023-12,0.0,41.4,0.0,0.0,0.0,92.0,0.0,0.0,33.6,114.4,0.0,268.2,34.3,81.2,0.0,0.0,0.0,37.1,0.0,0.0,79.4,96.60000000000001,434.0,0.0,0.0,0.0,0.0,40.7,50.7,1403.6
2024-01,0.0,0.0,0.0,0.0,0.0,0.0,0.0,0.0,0.0,0.0,0.0,0.0,0.0,0.0,0.0,0.0,0.0,0.0,0.0,0.0,0.0,0.0,0.0,0.0,0.0,0.0,0.0,0.0,0.0,0.0
2024-02,0.0,0.0,0.0,0.0,0.0,0.0,0.0,0.0,0.0,0.0,0.0,0.0,0.0,0.0,0.0,0.0,0.0,0.0,0.0,0.0,0.0,0.0,0.0,0.0,0.0,0.0,0.0,0.0,0.0,0.0
2024-03,0.0,0.0,0.0,0.0,0.0,0.0,0.0,0.0,0.0,0.0,0.0,0.0,0.0,0.0,0.0,0.0,0.0,0.0,0.0,0.0,0.0,0.0,0.0,0.0,0.0,0.0,0.0,0.0,0.0,0.0
2024-04,0.0,0.0,0.0,0.0,0.0,0.0,0.0,0.0,0.0,0.0,0.0,0.0,0.0,0.0,0.0,0.0,0.0,0.0,0.0,0.0,0.0,0.0,0.0,0.0,0.0,0.0,0.0,0.0,0.0,0.0
2024-05,0.0,0.0,0.0,0.0,0.0,0.0,0.0,0.0,0.0,0.0,0.0,0.0,0.0,0.0,0.0,0.0,0.0,0.0,0.0,0.0,0.0,0.0,0.0,0.0,0.0,0.0,0.0,0.0,0.0,0.0
2024-06,0.0,0.0,0.0,0.0,0.0,0.0,0.0,0.0,0.0,0.0,0.0,0.0,0.0,0.0,0.0,0.0,0.0,0.0,0.0,0.0,0.0,0.0,0.0,0.0,0.0,0.0,0.0,0.0,0.0,0.0
2024-07,2493.5,1816.1,1571.9,1145.2,1260.2,1642.9,610.5,891.3,1278.8,779.8,2104.3,1419.1,0.0,0.0,3070.2,1017.6,784.3,3795.5,1796.8,1966.6,1005.7,927.5,1924.5,1204.9,1290.0,1225.1,1568.3,1415.7,1201.0,41207.29999999999
2024-08,0.0,0.0,151.7,78.30000000000001,625.0,0.0,1144.7,0.0,0.0,247.3,0.0,548.2,1490.2,907.1,1819.2,562.5,436.6,1872.3,0.0,0.0,0.0,122.0,0.0,678.7,1160.6,309.6,202.7,0.0,114.0,12470.700000000003
2024-09,0.0,0.0,0.0,57.1,0.0,0.0,0.0,0.0,0.0,0.0,0.0,0.0,0.0,0.0,0.0,0.0,0.0,0.0,0.0,0.0,238.0,0.0,0.0,0.0,0.0,0.0,0.0,0.0,0.0,295.1
2024-10,28.5,0.0,0.0,30.1,0.0,60.3,0.0,54.2,55.8,26.1,0.0,0.0,0.0,0.0,0.0,114.2,104.3,78.30000000000001,0.0,0.0,72.0,27.0,0.0,0.0,0.0,0.0,0.0,220.5,26.2,897.5000000000001
2024-11,0.0,0.0,0.0,0.0,0.0,104.0,0.0,99.9,92.3,0.0,0.0,0.0,0.0,0.0,0.0,56.5,307.0,0.0,0.0,0.0,0.0,67.19999999999999,0.0,0.0,0.0,0.0,0.0,165.0,0.0,891.9000000000001
2024-12,0.0,0.0,0.0,0.0,0.0,0.0,0.0,0.0,0.0,0.0,0.0,0.0,0.0,0.0,0.0,0.0,0.0,0.0,0.0,0.0,0.0,0.0,0.0,0.0,0.0,0.0,0.0,0.0,0.0,0.0
2025-01,0.0,0.0,0.0,0.0,0.0,0.0,0.0,0.0,0.0,0.0,0.0,0.0,0.0,0.0,0.0,0.0,0.0,0.0,0.0,0.0,0.0,0.0,0.0,0.0,0.0,0.0,0.0,0.0,0.0,0.0
2025-02,0.0,0.0,0.0,0.0,0.0,0.0,0.0,0.0,0.0,0.0,0.0,0.0,0.0,0.0,0.0,0.0,0.0,0.0,0.0,0.0,0.0,0.0,0.0,0.0,0.0,0.0,0.0,0.0,0.0,0.0
2025-03,0.0,0.0,0.0,0.0,0.0,0.0,0.0,0.0,0.0,0.0,0.0,0.0,0.0,0.0,0.0,0.0,0.0,0.0,0.0,0.0,0.0,0.0,0.0,0.0,0.0,0.0,0.0,0.0,0.0,0.0
2025-04,0.0,0.0,0.0,0.0,0.0,0.0,0.0,0.0,0.0,0.0,0.0,0.0,0.0,0.0,0.0,0.0,0.0,0.0,0.0,0.0,0.0,0.0,0.0,0.0,0.0,0.0,0.0,0.0,0.0,0.0
2025-05,0.0,0.0,0.0,0.0,0.0,0.0,0.0,0.0,0.0,0.0,0.0,0.0,0.0,0.0,0.0,0.0,0.0,0.0,0.0,0.0,0.0,0.0,0.0,0.0,0.0,0.0,0.0,0.0,0.0,0.0
2025-06,0.0,0.0,0.0,0.0,0.0,0.0,0.0,0.0,0.0,0.0,0.0,0.0,0.0,0.0,0.0,0.0,0.0,0.0,0.0,0.0,0.0,0.0,0.0,0.0,0.0,0.0,0.0,0.0,0.0,0.0
