month,matsumae02,matsumae04,matsumae05,matsumae06,matsumae07,matsumae08,matsumae09,matsumae10,matsumae11,matsumae12,matsumae13,matsumae14,matsumae15,matsumae16,matsumae17,matsumae18,matsumae19,matsumae20,matsumae21,matsumae22,matsumae23,matsumae24,matsumae25,matsumae26,matsumae27,matsumae28,matsumae31,合計_L
2022-07,0.0,0.0,0.0,0.0,0.0,0.0,0.0,0.0,0.0,0.0,0.0,0.0,0.0,0.0,0.0,0.0,0.0,0.0,0.0,0.0,0.0,0.0,0.0,0.0,0.0,0.0,0.0,0.0
2022-08,0.0,0.0,0.0,0.0,0.0,0.0,0.0,0.0,0.0,0.0,0.0,0.0,0.0,0.0,0.0,0.0,0.0,0.0,0.0,0.0,0.0,0.0,0.0,0.0,0.0,0.0,0.0,0.0
2022-09,0.0,0.0,0.0,0.0,0.0,0.0,0.0,0.0,0.0,0.0,0.0,0.0,0.0,0.0,0.0,0.0,0.0,0.0,0.0,0.0,0.0,0.0,0.0,0.0,0.0,0.0,0.0,0.0
2022-10,0.0,0.0,0.0,0.0,0.0,0.0,0.0,0.0,0.0,0.0,0.0,0.0,0.0,0.0,0.0,0.0,0.0,0.0,0.0,0.0,0.0,0.0,0.0,0.0,0.0,0.0,0.0,0.0
2022-11,0.0,0.0,0.0,0.0,0.0,0.0,0.0,0.0,0.0,0.0,0.0,0.0,0.0,0.0,0.0,0.0,0.0,0.0,0.0,0.0,0.0,0.0,0.0,0.0,0.0,0.0,0.0,0.0
2022-12,0.0,0.0,800.0,0.0,0.0,0.0,0.0,0.0,0.0,0.0,0.0,0.0,0.0,0.0,0.0,0.0,0.0,0.0,0.0,0.0,400.0,0.0,0.0,0.0,940.0,0.0,0.0,2140.0
2023-01,125.0,0.0,0.0,0.0,0.0,0.0,0.0,0.0,0.0,0.0,0.0,0.0,0.0,0.0,188.0,0.0,600.0,0.0,0.0,0.0,0.0,0.0,1204.0,0.0,0.0,0.0,450.0,2567.0
2023-02,614.0,0.0,1465.0,0.0,1000.0,0.0,0.0,0.0,150.0,200.0,510.0,560.0,510.0,1774.0,88.0,0.0,547.0,0.0,511.0,400.0,900.0,180.0,990.0,0.0,1000.0,400.0,640.0,12439.0
2023-03,0.0,0.0,0.0,0.0,0.0,1200.0,0.0,417.0,220.0,301.0,430.0,630.0,970.0,0.0,698.0,0.0,690.0,1011.0,0.0,800.0,400.0,350.0,0.0,587.0,1000.0,0.0,0.0,9704.0
2023-04,0.0,0.0,0.0,0.0,0.0,0.0,0.0,0.0,650.0,0.0,0.0,0.0,0.0,0.0,0.0,0.0,0.0,0.0,0.0,0.0,0.0,0.0,0.0,0.0,0.0,400.0,0.0,1050.0
2023-05,600.0,0.0,0.0,0.0,0.0,0.0,0.0,0.0,0.0,0.0,470.0,0.0,0.0,0.0,268.0,0.0,0.0,351.0,200.0,0.0,0.0,0.0,800.0,0.0,0.0,0.0,0.0,2689.0
2023-06,0.0,1862.0,804.0,360.0,601.0,0.0,800.0,0.0,0.0,427.0,0.0,0.0,0.0,0.0,0.0,0.0,0.0,553.0,0.0,0.0,500.0,0.0,0.0,0.0,0.0,600.0,0.0,6507.0
2023-07,0.0,0.0,0.0,580.0,1000.0,0.0,0.0,409.0,0.0,0.0,0.0,0.0,500.0,0.0,316.0,400.0,0.0,1398.0,300.0,0.0,650.0,256.0,0.0,0.0,1001.0,0.0,620.0,7430.0
2023-08,386.0,402.0,0.0,0.0,1001.0,0.0,0.0,729.0,0.0,199.0,460.0,740.0,320.0,0.0,262.0,0.0,814.0,850.0,0.0,586.0,400.0,306.0,0.0,550.0,0.0,0.0,400.0,8405.0
2023-09,500.0,0.0,1000.0,760.0,970.0,1200.0,600.0,0.0,0.0,229.0,440.0,600.0,0.0,0.0,419.0,0.0,850.0,0.0,0.0,497.0,0.0,170.0,500.0,0.0,0.0,400.0,550.0,9685.0
2023-10,0.0,0.0,0.0,0.0,0.0,0.0,0.0,370.0,0.0,0.0,0.0,0.0,510.0,2090.0,0.0,0.0,970.0,750.0,0.0,880.0,600.0,0.0,0.0,570.0,1000.0,500.0,540.0,8780.0
2023-11,435.0,0.0,0.0,0.0,0.0,0.0,0.0,0.0,0.0,0.0,0.0,0.0,470.0,0.0,405.0,0.0,0.0,1181.0,0.0,0.0,0.0,273.0,1266.0,0.0,0.0,0.0,0.0,4030.0
2023-12,1001.0,0.0,0.0,1090.0,0.0,0.0,1000.0,658.0,0.0,550.0,420.0,530.0,0.0,0.0,0.0,0.0,340.0,0.0,630.0,0.0,0.0,186.0,1183.0,551.0,1000.0,400.0,0.0,9539.0
2024-01,409.0,0.0,0.0,0.0,0.0,0.0,0.0,0.0,0.0,0.0,0.0,0.0,450.0,0.0,193.0,0.0,0.0,0.0,0.0,0.0,500.0,204.0,1000.0,0.0,0.0,0.0,450.0,3206.0
2024-02,523.0,0.0,1250.0,0.0,0.0,0.0,0.0,0.0,0.0,0.0,0.0,0.0,500.0,0.0,331.0,0.0,0.0,764.0,0.0,0.0,500.0,0.0,1240.0,0.0,1000.0,0.0,480.0,6588.0
2024-03,396.0,0.0,1000.0,0.0,0.0,1200.0,0.0,320.0,0.0,431.0,440.0,410.0,330.0,0.0,0.0,0.0,0.0,0.0,0.0,0.0,0.0,0.0,0.0,0.0,0.0,0.0,0.0,4527.0
2024-04,0.0,0.0,0.0,0.0,500.0,0.0,0.0,191.0,400.0,500.0,0.0,0.0,510.0,0.0,487.0,0.0,0.0,0.0,770.0,400.0,0.0,279.0,0.0,0.0,0.0,600.0,0.0,4637.0
2024-05,0.0,0.0,0.0,0.0,0.0,0.0,0.0,0.0,0.0,0.0,0.0,0.0,0.0,0.0,347.0,0.0,0.0,660.0,0.0,0.0,0.0,0.0,0.0,0.0,0.0,0.0,0.0,1007.0
2024-06,517.0,0.0,1001.0,0.0,0.0,0.0,0.0,0.0,0.0,0.0,0.0,0.0,0.0,0.0,0.0,600.0,0.0,0.0,0.0,0.0,500.0,0.0,1277.0,0.0,1000.0,0.0,0.0,4895.0
2024-07,0.0,1181.0,0.0,340.0,0.0,0.0,0.0,218.0,233.0,576.0,0.0,0.0,870.0,0.0,346.0,400.0,750.0,1517.0,0.0,700.0,0.0,261.0,0.0,585.0,0.0,0.0,410.0,8387.0
2024-08,564.0,500.0,0.0,240.0,0.0,0.0,0.0,350.0,0.0,348.0,0.0,600.0,970.0,0.0,346.0,400.0,0.0,1296.0,0.0,0.0,1200.0,0.0,0.0,0.0,0.0,200.0,1390.0,8404.0
2024-09,0.0,0.0,0.0,0.0,0.0,0.0,1000.0,0.0,0.0,0.0,0.0,0.0,960.0,0.0,303.0,800.0,0.0,540.0,0.0,0.0,1000.0,214.0,0.0,200.0,0.0,400.0,1110.0,6527.0
2024-10,763.0,400.0,263.0,760.0,1000.0,1200.0,0.0,350.0,0.0,147.0,470.0,0.0,450.0,820.0,369.0,400.0,0.0,944.0,400.0,900.0,0.0,0.0,800.0,0.0,1000.0,220.0,550.0,12206.0
2024-11,0.0,0.0,1003.0,360.0,0.0,0.0,1000.0,708.0,0.0,0.0,0.0,580.0,450.0,0.0,289.0,0.0,0.0,570.0,0.0,0.0,0.0,332.0,800.0,0.0,0.0,0.0,0.0,6092.0
2024-12,642.0,0.0,0.0,0.0,0.0,0.0,0.0,0.0,0.0,0.0,0.0,0.0,0.0,0.0,301.0,0.0,0.0,0.0,0.0,0.0,600.0,210.0,800.0,285.0,0.0,400.0,0.0,3238.0
2025-01,296.0,0.0,1002.0,0.0,0.0,0.0,0.0,0.0,0.0,0.0,500.0,0.0,480.0,0.0,0.0,0.0,1386.0,0.0,0.0,0.0,0.0,139.0,800.0,0.0,1000.0,0.0,640.0,6243.0
2025-02,0.0,0.0,0.0,0.0,0.0,0.0,0.0,0.0,0.0,0.0,0.0,0.0,0.0,1577.0,0.0,0.0,0.0,0.0,0.0,0.0,600.0,0.0,0.0,0.0,0.0,0.0,0.0,2177.0
2025-03,0.0,0.0,0.0,0.0,0.0,0.0,0.0,280.0,0.0,0.0,0.0,0.0,530.0,0.0,0.0,0.0,0.0,570.0,500.0,0.0,0.0,0.0,0.0,0.0,0.0,0.0,0.0,1880.0
2025-04,213.0,0.0,0.0,0.0,0.0,0.0,0.0,0.0,0.0,347.0,0.0,0.0,370.0,0.0,377.0,0.0,0.0,0.0,0.0,0.0,0.0,0.0,600.0,0.0,0.0,0.0,0.0,1907.0
2025-05,0.0,0.0,0.0,0.0,0.0,0.0,0.0,0.0,0.0,0.0,0.0,0.0,0.0,0.0,927.0,0.0,0.0,0.0,0.0,0.0,0.0,0.0,0.0,0.0,0.0,0.0,0.0,927.0
2025-06,0.0,0.0,0.0,0.0,0.0,0.0,0.0,0.0,0.0,0.0,0.0,0.0,0.0,0.0,480.0,400.0,0.0,364.0,0.0,0.0,600.0,0.0,0.0,0.0,0.0,0.0,820.0,2664.0
